Date,tweet_id,text,link
2020-09-07,1302890281642074112,"Terkini COVID-19, 7 Sept 2020  Jumlah discaj:9  Jumlah kumulatif discaj: 9124 (96.5%)  Jumlah kes baru;62 Jumlah kumulatif:9459 Jumlah kes aktif:207  Kes local: 56(30WN, 26BWN) Kes import: 6(2WN, 4BWN)  Jumlah kematian: 0 Jumlah kumulatif:128 (1.35%)  Kes di ICU: 6, intubated 4 ",t.co/k4C9NzPuRt
2020-09-08,1303273872012140544,"Terkini COVID-19, 8 Sep 2020  Jumlah discaj baru: 12 Jumlah kumulatif discaj: 9136 (96.6%)  Jumlah kes baru; 100 Jumlah kumulatif: 9559 Jumlah kes aktif: 295  Kes tempatan:85 Kes import:15  Jumlah kematian: 0 Jumlah kumulatif: 128 (1.35%)  Jumlah kes di ICU:7 Pesakit intubated: 4 ",t.co/xsTCM7mYCE
2020-09-09,1303621756515614721,Terkini COVID-19 setakat 9 September 2020  Jumlah discaj baru: 7 Jumlah kumulatif discaj: 9143 (95.4%)  Jumlah kes baru; 24 Jumlah kumulatif: 9583 Jumlah kes aktif: 317  Kes tempatan:18 Kes import: 6  Jumlah kematian:0 Jumlah kumulatif:128 (1.35%)  Jumlah kes di ICU:7 intubated:4 ,t.co/bEuxIL2va5
2020-09-11,1304350471872684032,"Terkini COVID-19, 11 Sept 2020  Jumlah discaj baru:14 Jumlah kumulatif:9181 (93.59%)  Jumlah kes baru;182 Jumlah kumulatif:9810 Jumlah kes aktif:501  Kes tempatan:181(90WN, 91BWN) Kes import:1 (BWN)  Jumlah kematian:0 Jumlah kumulatif:128 (1.30%)  Jumlah kes di ICU:9 Intubated: 5 ",t.co/MA0t8Xdd9L
2020-09-12,1304706214794723329,"Terkini COVID-19, 12 Sept 2020  Jumlah discaj baru:8 Jumlah kumulatif discaj: 9189 (93.59%)  Jumlah kes baru;58 Jumlah kumulatif:9868 Jumlah kes aktif:551  Kes tempatan:53  Kes import:5 (3WN, 2BWN)  Jumlah kematian:0 Jumlah kumulatif:128 (1.30%)  Jumlah kes di ICU:9 intubated: 5 ",t.co/PxmVzcehaZ
2020-09-13,1305058915177000960,"Terkini COVID-19; 13 Sept 2020  Jumlah discaj baru:7 Jumlah kumulatif discaj:9196 (92.75%)  Jumlah kes baru;47 Jumlah kumulatif:9915 Jumlah kes aktif:591  Kes local:45(28WN,17BWN) Kes import:2 (2BWN)  Jumlah kematian:0 Jumlah kumulatif:128 (1.29%)  Jumlah kes di ICU:9 intubated:4 ",t.co/xzwvDq2C32
2020-09-14,1305429995028795392,"Terkini COVID-19, 14 Sept  Jumlah discaj baru:7 Jumlah kumulatif discaj: 9203 (92.53%)  Jumlah kes baru;31 Jumlah kumulatif:9946 Jumlah kes aktif:615  Kes tempatan:28(19 WN,9 BWN) Kes import:3(2 WN,1 BWN)  Jumlah fataliti:0 Jumlah kumulatif:128 (1.29%)  Kes di ICU:11 intubated: 5 ",t.co/RThp9idTNO
2020-09-15,1305812184954408960,"Terkini COVID-19, 15 Sept 2020  Jumlah discaj baru:6 Jumlah kumulatif discaj: 9209 (92.37%)  Jumlah kes baru;23 Jumlah kumulatif:9969 Jumlah kes aktif:632  Kes lokal:13 (10WN,  3BWN) Kes import:10 (5WN, 5BWN)  Jumlah mati:0 Jumlah kumulatif:128 (1.28%)  Kes di ICU:14 intubated: 4 ",t.co/FNr9FZAXfe
2020-09-16,1306150009264459776,"Terkini COVID-19; 16 Sept 2020  Jumlah discaj baru:26 Jumlah kumulatif discaj: 9235(92.06%)  Jumlah kes baru;62 Jumlah kumulatif:10031 Jumlah kes aktif:668  Kes tempatan: 61(41WN,  20BWN) Kes import:1(1WN)  Jumlah kematian:0 Jumlah kumulatif:128 (1.28%)  Kes di ICU:15 intubated:3 ",t.co/EbHmJjtTCe
2020-09-17,1306518423908753408,"Terkini COVID-19; 17 Sept 2020  Jumlah discaj baru:15 Jumlah kumulatif discaj: 9250(92.02%)  Jumlah kes baru;21 Jumlah kumulatif:10052 Jumlah kes aktif:674  Kes tempatan: 16(15WN, 1BWN) Kes import: 5(5WN)  Jumlah kematian:0 Jumlah kumulatif:128 (1.27%)  Kes di ICU:13 intubated: 2 ",t.co/K0qNTbUQse
2020-09-18,1306888763595919360,"Terkini COVID-19; 18 Sept 2020  Jumlah discaj baru:14 Jumlah kumulatif: 9264 (91.3%)  Jumlah kes baru;95 Jumlah kumulatif:10147 Jumlah kes aktif:754  Kes local: 91(68WN, 23BWN) Kes import:4 (4BWN)  Jumlah kematian:1  Jumlah kumulatif:129 (1.27%)  Kes di ICU:11 Pesakit intubated:2 ",t.co/0O5OTYrs8v
2020-09-19,1307240523397120000,"Terkini COVID-19; 19 Sept 2020  Jumlah discaj baru:51 Jumlah kumulatif:9315 (91.62%)  Jumlah kes baru;20 Jumlah kumulatif:10167 Jumlah kes aktif:722  Kes tempatan:17(14WN, 3BWN) Kes import:3(2WN, 1BWN)  Jumlah kematian:1 Jumlah kumulatif:130 (1.28%)  Kes di ICU: 12 intubated: 2 ",t.co/ofq2b8vBKQ
2020-09-20,1307611476195041280,"Terkini COVID-19; 20 Sept 2020  Jumlah discaj baru:40 Jumlah kumulatif:9355 (91.55%)  Jumlah kes baru;52 Jumlah kumulatif:10219 Jumlah kes aktif:734  Kes tempatan: 40(26WN, 14BWN) Kes import: 12(3WN, 9BWN)  Jumlah kematian:0 Jumlah kumulatif:130 (1.27%)  Kes di ICU:10 intubated:2 ",t.co/8UQaynTcP8
2020-09-21,1307967646873169922,"Terkini COVID-19 ; 21 Sept 2020  Jumlah discaj baru:40 Jumlah kumulatif:9395 (91.43%)  Jumlah kes baru;57 Jumlah kumulatif:10276 Jumlah kes aktif:751  Kes tempatan:51 (45WN, 6BWN) Kes import:6 (1WN, 5BWN)  Jumlah kematian:0 Jumlah kumulatif:130 (1.26%)  Kes di ICU: 9 intubated: 2 ",t.co/kyWq8owIKc
2020-09-22,1308348559410909187,"Terkini COVID-19; 22 Sept 2020  Jumlah discaj baru:168 Jumlah kumulatif: 9563 (92.32%)  Jumlah kes baru;82 Jumlah kumulatif:10358 Jumlah kes aktif:665  Kes local :72 (60WN, 12BWN) Kes import:10 (9WN, 1BWN)  Jumlah kematian:0 Jumlah kumulatif:130 (1.26%)  Kes di ICU: 9 intubated:2 ",t.co/0nH5RCP3aV
2020-09-23,1308705899200958465,"Terkini COVID-19; 23 Sept 2020  Jumlah discaj baru:39 Jumlah kumulatif:9602 (91.4%)  Jumlah kes baru;147 Jumlah kumulatif:10505 Jumlah kes aktif:770  Kes local:143 (119WN, 24BWN) Kes import:4 (3WN, 1BWN)  Jumlah kematian:3 Jumlah kumulatif:133 (1.27%)  Kes di ICU:8 intubated: 2 ",t.co/G8fbNo2olI
2020-09-24,1309057031211552770,"Terkini COVID-19; 24 Sept 2020  Jumlah discaj baru: 64 Jumlah kumulatif: 9666 (91.4%)  Jumlah kes baru; 72 Jumlah kumulatif: 10576 Jumlah kes aktif: 777  Kes local: 69 (43WN, 26BWN)) Kes import: 2 (2 BWN)  Jumlah kematian: 0 Jumlah kumulatif: 133 (1.26%)  Kes di ICU:6 intubated:2 ",t.co/lCvOAVkVCn
2020-09-26,1309784549706985473,"Terkini COVID-19; 26 Sept 2020  Jumlah discaj baru:89 Jumlah kumulatif:9785 (90.86%)  Jumlah kes baru;82 Jumlah kumulatif:10769 Jumlah kes aktif:851  Kes tempatan: 79(53WN, 26BWN)) Kes import: 3(2WN, 1BWN)  Jumlah kematian:0 Jumlah kumulatif:133 (1.24%)  kes di ICU:8  intubated:4 ",t.co/xvNyENEnSF
2020-09-27,1310149678902595586,"Terkini COVID-19; 27 Sept 2020  Jumlah discaj baru:50 Jumlah kumulatif:9835 (90.07%)  Jumlah kes baru;150 Jumlah kumulatif:10919 Jumlah kes aktif:950  Kes tempatan:146(124WN, 22BWN)) Kes import:4(3WN, 1BWN)  Jumlah kematian:1 Jumlah kumulatif:134 (1.23%)  Kes di ICU:6 intubated:4 ",t.co/1aS3uzNLCk
2020-09-28,1310513907866374144,"Terkini COVID-19; 28 Sept 2020  Jumlah discaj baru:54 Jumlah kumulatif:9889 (89.62%)  Jumlah kes baru;115 Jumlah kumulatif:11034 Jumlah kes aktif:1011  Kes tempatan:112(98WN,  14BWN) Kes import:3(1WN, 2BWN)  Jumlah kematian:0 Jumlah kumulatif:134 (1.21%)  Kes di ICU:8 intubated:5 ",t.co/mmfgHf2A3x
2020-09-29,1310894486122237952,"Terkini COVID-19; 29 Sep 2020  Jumlah discaj baru:50 Jumlah kumulatif:9939 (89.26%)  Jumlah kes baru;101 Jumlah kumulatif:11135 Jumlah kes aktif:1062  Kes tempatan:97 (89WN, 8BWN) Kes import:4 (1 WN, 3 BWN)  Jumlah kematian:0 Jumlah kumulatif:134 (1.2%)  Kew di ICU:13 intubated:5 ",t.co/B4zminZQdU
2020-09-30,1311238483143393281,"Terkini COVID-19; 30 Sep 2020  Jumlah discaj baru:28 Jumlah kumulatif:9967 (88.8%)  Jumlah kes baru;89 Jumlah kumulatif:11224 Jumlah kes aktif:1124  Kes tempatan:86 (84WN, 2BWN) Kes import:3 (3BWN)  Jumlah kematian:2 Jumlah kumulatif:136 (1.21%)  Kes di ICU:16 Pesakit intubated:3 ",t.co/kigYlTYxhG
2020-09-30,1311254859383857153,"Terkini COVID-19; 30 Sep 2020  Jumlah discaj baru:28 Jumlah kumulatif:9967 (88.8%)  Jumlah kes baru;89 Jumlah kumulatif:11224 Jumlah kes aktif:1121  Kes tempatan:86 (84WN, 2BWN) Kes import:3 (3BWN)  Jumlah kematian:2 Jumlah kumulatif:136 (1.21%)  Kes di ICU:16 Pesakit intubated:3 ",t.co/TjJX3zy5Ze
2020-10-01,1311626923487887361,"Terkini COVID-19; 1 Okt 2020  Jumlah discaj baru:47 Jumlah kumulatif discaj: 10014 (87.2%)  Jumlah kes baru;260 Jumlah kumulatif:11484 Jumlah kes aktif:1334  Kes tempatan:259 (130WN, 129BWN) Kes import:1 (1BWN)  Jumlah mati:0 Jumlah kumulatif:136 (1.18%) kes di ICU:20 intubated:3 ",t.co/tR8E4hoYkc
2020-10-02,1311980315104092160,"COVID-19: 2 Okt  2020  Jumlah discaj baru:82 Jumlah kumulatif: 10095 (85.76%)  Jumlah kes baru; 287 Jumlah kumulatif: 11771 Jumlah kes aktif: 1540  Kes tempatan:287 (282 WN, 25 BWN) Kes import: 0  Jumlah kematian:0 Jumlah kumulatif: 136 (1.15%)  Kea di ICU:25 Pesakit intubated: 4 ",t.co/E9pYkOuvP0
2020-10-03,1312339620193923073,"COVID-19; 3 Okt 2020  Jumlah discaj baru: 121 Jumlah kumulatif:10216 (84.52%)  Jumlah kes baru; 317 Jumlah kumulatif: 12088 Jumlah kes aktif: 1735  Kes tempatan:317 (306 WN, 11 BWN) Kes import:0   Jumlah kematian: 1 Jumlah kumulatif:137 (1.13%)  kes di ICU:26 Pesakit intubated: 3 ",t.co/983JxmCy3p
2020-10-04,1312684914316251137,"COVID-19; 4 Okt 2020  Jumlah discaj baru:67 Jumlah kumulatif:10283 (83.05%)  Jumlah kes baru;293 Jumlah kumulatif:12381 Jumlah kes aktif:1961  Kes tempatan:292 (269WN, 23BWN) Kes import1 BWN  Jumlah kematian:0 Jumlah kumulatif: 137 (1.1%)  Jumlah kes di ICU:28 Pesakit intubated:4 ",t.co/sigu7g37ID
2020-10-06,1313433656883474433,"COVID-19; 6 Okt 2020  Jumlah discaj baru:87 Jumlah kumulatif:10427 (77.2%)  Jumlah kes baru;691 Jumlah kumulatif:13504 Jumlah kes aktif:2936  Kes tempatan:688 (661WN, 27BWN) Kes import: 3 (2WN, 2BWN)  Jumlah kematian:4 Jumlah kumulatif:141 (1.07%)  kes di ICU:31 Pt intubated:8 ",t.co/Lg4fD5c4T3
2020-10-07,1313780086391283712,"COVID-19; 7 Okt 2020  Jumlah discaj baru:74 Jumlah kumulatif:10501 (75.04%)  Jumlah kes baru;489 Jumlah kumulatif:13993 Jumlah kes aktif:3351  Kes tempatan:487 (467WN, 20BWN) Kes import:2 (1WN, 1BWN)  Jumlah kematian:0 Jumlah kumulatif:141 (1.01%) kes di ICU:40 intubated: 13 ",t.co/xT85m71G9T
2020-10-09,1314531161612271617,"COVID-19; 9 Okt 2020  Jumlah discaj baru:188 Jumlah kumulatif:10707 (72.7%)  Jumlah kes baru;354 Jumlah kumulatif:14722 Jumlah kes aktif:3863  Kes tempatan:352 (332WN, 20BWN) Kes import: 2 (2WN)  Jumlah kematian:6 Jumlah kumulatif:152 (1.03%)  Kes di ICU: 68 Pesakit intubated: 25 ",t.co/QBIkHcAdrB
2020-10-10,1314887264476884993,"COVID-19; 10 Okt 2020  Jumlah discaj baru:73 Jumlah kumulatif:10780 (71.41%)  Jumlah kes baru;374 Jumlah kumulatif:15096 Jumlah kes aktif:4161  Kes tempatan:372 (343WN, 29BWN) Kes import: 2 (1WN, 1BWN)  Jumlah kematian:3 Jumlah kumulatif: 155 (1.03%)  Kes di ICU:73 intubated:28 ",t.co/mmi8FJSruo
2020-10-11,1315260054413537281,"COVID-19; 11 Okt 2020  Jumlah discaj baru:133 Jumlah kumulatif:10913 (69.7%)  Jumlah kes baru;561 Jumlah kumulatif:15657 Jumlah kes aktif:4587  Kes tempatan:553 (494WN, 59BWN) Kes import:8 (5WN, 3BWN)  Jumlah kematian:2 Jumlah kumulatif:157 (1.0%)  Kes di ICU: 90 Pt intubated: 29 ",t.co/EaSHtsqTyb
2020-10-12,1315611048917962752,"COVID-19; 12 Okt  2020  Jumlah discaj baru: 109 Jumlah kumulatif: 11022 (67.9%)  Jumlah kes baru; 563 Jumlah kumulatif:16220 Jumlah kes aktif:5039  Kes tempatan:562 (498WN, 64BWN) Kes import:1WN  Jumlah kematian:2 Jumlah kumulatif:159 (1.0%)  Kes di ICU:98 Pesakit intubated: 29 ",t.co/iHHk7nFys4
2020-10-14,1316334217463119873,"COVID-19; 14 Okt 2020  Jumlah discaj baru:233 Jumlah kumulatif: 11605 (66.2%)  Jumlah kes baru;660 Jumlah kumulatif:17540 Jumlah kes aktif:5768  Kes tempatan:654 (608 WN, 46 BWN) Kes import:6 (2WN, 4BWN)  Jumlah kematian:4 Jumlah kumulatif:167 (1.0%)  Kes di ICU:108 intubated: 35 ",t.co/Og9iT7qsr2
2020-10-16,1317058878635339776,"COVID-19; 16 Okt 2020  Jumlah discaj baru: 245 Jumlah kumulatif: 12259 (65.4%)  Jumlah kes baru; 629 Jumlah kumulatif: 18758 Jumlah kes aktif: 6323  Kes tempatan:627 (577 WN, 50 BWN) Kes import: 2 WN  Jumlah kematian: 6 Jumlah kumulatif: 176 (0.9%)  Kes di ICU:99 Pt intubated: 31 ",t.co/MXUXC4SCPP
2020-10-17,1317431238550958080,"COVID-19; 17 Okt 2020  Jumlah discaj baru:302 Jumlah kumulatif:12561 (64%)  Jumlah kes baru: 869 Jumlah kumulatif: 19627 Jumlah kes aktif: 6886  Kes tempatan: 869 (745WN, 124BWN) Kes import: 0   Jumlah kematian:4 Jumlah kumulatif:180 (0.92%)  Kes di ICU:91 intubated: 30 ",t.co/Mx3MfevWHn
2020-10-18,1317777181422931968,"COVID-19; 18 Okt 2020  Jumlah discaj baru:; 701 Jumlah kumulatif: 13262 (64.7%)  Jumlah kes baru:871 Jumlah kumulatif:20498 Jumlah kes aktif:7049  Kes tempatan:866 (757WN, 109WN) Kes import:5 (3WN, 2BWN)  Jumlah kematian:7 Jumlah kumulatif:187 (0.91%)  Kes di ICU:86 intubated: 28 ",t.co/YJUK8dHiof
2020-10-19,1318141593958764552,"COVID-19; 19 Okt  Jumlah discaj baru:455 Jumlah kumulatif discaj: 13717 (64.21%)  Jumlah kes baru:865 Jumlah kumulatif:21363 Jumlah kes aktif:7456  Kes local :858 (723WN, 135WN) Kes import:7 (3WN, 4BWN)  Jumlah kematian:3 Jumlah kumulatif:190 (0.9%)  Kes di ICU:99 intubated:32 ",t.co/sAckDX8bV2
2020-10-20,1318506612961599488,"Status terkini COVID-19 setakat 20 Oktober 2020  Jumlah discaj baru: 634 Jumlah kumulatif: 14351 (64.6%)  Jumlah kes baru: 862 Jumlah kumulatif: 22225 Jumlah kes aktif: 7681 Kes import: 2 (1 WN, 1 BWN)  Jumlah kematian: 3 Jumlah kumulatif: 193 (0.87%)  Kes di ICU:95 intubated: 29",
2020-10-21,1318870686941679616,"COVID-19; 21 Okt 2020  Jumlah discaj baru:580 Jumlah kumulatif:14931 (65.04%)  Jumlah kes baru: 732 Jumlah kumulatif: 22957 Jumlah kes aktif: 7827  Kes tempatan:724 (618WN, 106WN) Kes import:8 (6 WN, 2BWN)  Jumlah kematian:6 Jumlah kumulatif:6 (0.87%)  Kes di ICU:102 intubated:31 ",t.co/AACW7HYcZ9
2020-10-22,1319232926781898757,"COVID-19; 22 Okt 2020  Jumlah discaj baru:486 Jumlah kumulatif:15417 (64.8%)  Jumlah kes baru:847 Jumlah kumulatif:23804 Jumlah kes aktif:8183  Kes tempatan:842  Kes import:5 (0 WN, 5 BWN)  Jumlah kematian:5 Jumlah kumulatif:204 (0.9%)  Jumlah kes di ICU: 90 Pesakit intubated: 29 ",t.co/225vDQTCQM
2020-10-23,1319589604601720833,"COVID-19; 23 Okt 2020  Jumlah discaj baru: 467 Jumlah kumulatif:15884 (64.8%)  Jumlah kes baru: 710 Jumlah kumulatif: 24514 Jumlah kes aktif: 8416  Kes tempatan: 709 (619 WN, 90 BWN) Kes import:1 (1 BWN)  Jumlah kematian:10 Jumlah kumulatif:214 (0.87%)  Kes di ICU:90 intubated:28 ",t.co/Gb6VLS9nb9
2020-10-25,1320313236437168129,COVID-19; 25 Okt 2020  Jumlah discaj baru: 579 Jumlah kumulatif:17134 (64.5%)  Jumlah kes baru: 823 Jumlah kumulatif: 26565 Jumlah kes aktif: 9202  Kes tempatan: 823 kes Kes import: 0 kes  Jumlah kematian:8 Jumlah kumulatif:229 (0.86%)  Jumlah kes di ICU: 99 Pesakit intubated: 30 ,t.co/vKybzSSUbp
2020-10-26,1320682448221450241,COVID-19; 26 Okt 2020  Jumlah discaj baru:691 Jumlah kumulatif:17825 (64.1%)  Jumlah kes baru:1240 Jumlah kumulatif:27805 Jumlah kes aktif:9744  Kes tempatan:1238 Kes import:2 kes (2 BWN)  Jumlah kematian:7 Jumlah kumulatif:236 (0.85%)  Jumlah kes di ICU:94 Pesakit intubated: 31 ,t.co/hIDP0q1w2Z
2020-10-27,1321040520940957697,"COVID-19; 27 Okt 2020  Jumlah discaj baru: 674 Jumlah kumulatif:18499 (64.6%)  Jumlah kes baru:835 Jumlah kumulatif:28640 Jumlah kes aktif:9903  Kes local:830 (580WN, 250BWN) Kes import: 5 (1 WN, 4 BWN)  Jumlah kematian:2  Jumlah kumulatif:238  (0.83%)  Pt di ICU:89 intubated:32 ",t.co/M4XKcqPQR0
2020-10-28,1321414700349808645,"COVID-19; 28 Okt  2020  Jumlah discaj baru:573 Jumlah kumulatif:19072 (64.8%)  Jumlah kes baru:801 Jumlah kumulatif:29441 Jumlah kes aktif:10123  Kes tempatan:799 (687WN, 112BWN) Kes import:2 (1WN, 1BWN)  Jumlah kematian:8 Jumlah kumulatif:246 (0.84%)  Kes di ICU:94 intubated:25 ",t.co/eHx4xKkJEP
2020-10-29,1321756122290688000,"COVID-19; 29 Okt 2020  Jumlah discaj baru:685  Jumlah kumulatif:19757 (65.7%)  Jumlah kes baru:649 Jumlah kumulatif:30090 Jumlah kes aktif:10087  Kes tempatan:642 Kes import:7 (2WN, 5BWN)  Jumlah kematian:0 Jumlah kumulatif:246 (0.8%)  Kes di ICU: 106 Pesakit intubated: 23 ",t.co/Z2qNJt4iBv
2020-10-30,1322130120098787328,COVID-19: 30 Okt 2020  Jumlah discaj baru: 491  Jumlah kumulatif: 20248 (65.5%)  Jumlah kes baru: 799 Jumlah kumulatif: 30889 Jumlah kes aktif: 10392  Kes tempatan: 799  Kes import: 0   Jumlah kematian: 3 Jumlah kumulatif: 249 (0.81%)  Jumlah kes di ICU:90  Pesakit intubated: 20 ,t.co/rlu7fuqW3R
2020-10-31,1322487171450724358,COVID-19; 31 Okt 2020  Jumlah discaj baru:1000 Jumlah kumulatif:21248 (67.35%)  Jumlah kes baru: 659 Jumlah kumulatif: 31548 Jumlah kes aktif: 10051  Kes tempatan: 658 Kes import: 1 (1 BWN)  Jumlah kematian:0 Jumlah kumulatif:249 (0.79%)  Jumlah kes di ICU:83 Pesakit intubated:19 ,t.co/0XmvHL96S4
2020-11-01,1322840569198989313,"COVID-19;  1 Nov 2020  Jumlah discaj baru:972 Jumlah kumulatif:22200 (68.4%)  Jumlah kes baru:957 Jumlah kumulatif:32505 Jumlah kes aktif:10036  Kes tempatan:957 (671 WN, 286 BWN)  Kes import:0  Jumlah kematian:0  Jumlah kumulatif:249 (0.76%)  Kes di ICU:97 Pesakit intubated:27 ",t.co/nLbfJm6toa
2020-11-02,1323217275294375936,"COVID-19; 2 Nov 2020  Jumlah discaj baru:900 Jumlah kumulatif:23120 (69.34%)  Jumlah kes baru:834 Jumlah kumulatif:33339 Jumlah kes aktif:9968  Kes tempatan:831 Kes import:3 (1 WN, 2 BWN)  Jumlah kematian:2 Jumlah kumulatif: 251 (0.8%)  Jumlah kes di ICU:91 Pesakit intubated:32 ",t.co/usWH0moNgo
2020-11-03,1323579688065802241,"COVID-19; 3 Nov 2020  Jumlah discaj baru:875 Jumlah kumulatif:23995 (69.8%)  Jumlah kes baru:1054 Jumlah kumulatif:33995 Jumlah kes aktif:10135  Kes tempatan:1040 Kes import:14 (3 WN, 11 BWN)  Jumlah kematian:12 Jumlah kumulatif :263 (0.76%)  Kes  di ICU:94 Pesakit intubated:32 ",t.co/b3P2gFglOa
2020-11-04,1323941498497331201,COVID-19; 4 Nov 2020  Jumlah discaj baru:820 Jumlah kumulatif:24815 (70%)  Jumlah kes baru:1032 Jumlah kumulatif:35425 Jumlah kes aktif:10339  Kes tempatan:1029 Kes import:3 (3 BWN)  Jumlah kematian: 8 Jumlah kumulatif:271 (0.76%)  Jumlah kes di ICU: 82  Pesakit intubated: 27 ,t.co/Km2kGD11hB
2020-11-05,1324305270248411137,"COVID-19; 5 Nov 2020  Jumlah discaj baru:839 Jumlah kumulatif:25654 (70.4%)  Jumlah kes baru:1009 Jumlah kumulatif:36434 Jumlah kes aktif:10503  Kes tempatan:1000 Kes import:9 (4 WN, 5 BWN)  Jumlah kematian:6 Jumlah kumulatif:277 (0.76%)  Jumlah kes di ICU:78 Pesakit intubated:28 ",t.co/gAUmiYskaK
2020-11-06,1324663662099877888,"COVID-19; 6 Nov 2020  Jumlah discaj baru:726 Jumlah kumulatif:26380 (69.1%)  Jumlah kes baru:1755 Jumlah kumulatif:38189 Jumlah kes aktif:11530  Kes tempatan:1752 Kes import:3 (2 WN, 1 BWN)  Jumlah kematian:2 Jumlah kumulatif:279 (0.7%)  Jumlah kes di ICU:83 Pesakit intubated: 32 ",t.co/k46lUe6XDF
2020-11-07,1325026079065530370,COVID-19; 7 Nov 2020  Jumlah discaj baru: 1029 Jumlah kumulatif: 27409 (69.6%)  Jumlah kes baru: 1168  Jumlah kumulatif: 39357 Jumlah kes aktif: 11666   Kes tempatan: 1168 Kes import:0   Jumlah kematian:3 Jumlah kumulatif: 282  (0.7%)  Jumlah kes di ICU: 87 Pesakit intubated: 32 ,t.co/bx8MJnu7M0
2020-11-08,1325394566283894785,"COVID-19; 8 Nov 2020  Jumlah discaj baru:825 Jumlah kumulatif:28234 (70.2%)  Jumlah kes baru:852 Jumlah kumulatif:40209 Jumlah kes aktif:11689  Kes tempatan:839 Kes import:13 (8WN, 5WN)  Jumlah kematian: 4 Jumlah kumulatif:286 (0.71%)  Jumlah kes di ICU:94 Pesakit intubated: 32 ",t.co/cTZqT6XC8T
2020-11-09,1325755711146532871,"COVID-19; 9 Nov 2020  Jumlah discaj baru:1345 Jumlah kumulatif:29579 (71.8%)  Jumlah kes baru:972 Jumlah kumulatif:41181 Jumlah kes aktif:11308  Kes tempatan: 967 (689WN, 278BWN)  Kes import:5 (2WN, 3WN)  Jumlah kematian:8 Jumlah kumulatif:294 (0.71%)  Kes di ICU:86  Intubater:31 ",t.co/oIMs2kutJA
2020-11-10,1326125888551837703,"COVID-19; 10 Nov 2020  Jumlah discaj baru:725 Jumlah kumulatif:30304 (72.1%)  Jumlah kes baru:869 Jumlah kumulatif:42050 Jumlah kes aktif:11446  Kes tempatan:868 (557 WN, 311 BWN)  Kes import:1 (1 BWN)  Jumlah kematian:6 Jumlah kumulatif:300 (0.71%)  Kes di ICU:82 Pt intubated;27 ",t.co/Og4SwqyAhW
2020-11-12,1326842135061041152,"COVID-19; 12 Nov 2020  Jumlah discaj baru:996 Jumlah kumulatif: 32069 (73.2%)  Jumlah kes baru:919 Jumlah kumulatif:43791 Jumlah kes aktif:11419  Kes tempatan:916 (500WN, 416BWN)  Kes import:3 (2WN, 1BWN)  Jumlah kematian:1 Jumlah kumulatif:303  (0.7%)  Kes di ICU:92 intubated:35 ",t.co/W5yCgYhACd
2020-11-15,1327916345367822338,"COVID-19; 15 Nov  2020  Jumlah discaj baru:1013 Jumlah kumulatif:34785 (73.4%)  Jumlah kes baru: 1208 Jumlah kumulatif: 47417 Jumlah kes aktif: 12,323  Kes tempatan: 1202   Kes import: 6 (6 BWN)  Jumlah kematian: 3 Jumlah kumulatif: 309(0.7%)  Kes di ICU: 104 Pesakit intubated:42 ",t.co/ryIloyU3I4
2020-11-17,1328638904619057154,"COVID-19; 17 Nov 2020  Jumlah discaj baru:1018 Jumlah kumulatif:36624 (73.6%)  Jumlah kes baru:1210 Jumlah kumulatif:49730 Jumlah kes aktif: 13806  Kes tempatan:1191 Kes import:19 (5 WN, 14 BWN)  Jumlah kematian:5 Jumlah kumulatif: 318 (0.64%)  Kes di ICU:105 Pesakit intubated:40 ",t.co/RObmCwTPRO
2020-11-18,1329008254790164481,"COVID-19; 18 Nov 2020  Jumlah discaj baru:630 Jumlah kumulatif:37254 (73.9%)  Jumlah kes baru:660 Jumlah kumulatif:50390 Jumlah kes aktif:12814  Kes tempatan:656 Kes import:4 (2 WN, 2 BWN)  Jumlah kematian: 4  Jumlah kumulatif: 322 (0.6%)  Kes di ICU:103 Pesakit intubated: 41 ",t.co/LPmvTV07nx
2020-11-19,1329366488965292033,COVID-19; 19 Nov 2020  Jumlah discaj baru:838 Jumlah kumulatif:38092 (73.7%)  Jumlah kes baru:1290 Jumlah kumulatif:51680 Jumlah kes aktif:13222  Kes tempatan:1285 Kes import:5  Jumlah kematian:4 Jumlah kumulatif:326 (0.6%)  Jumlah kes di ICU: 110 kes Pesakit intubated: 37 kes ,t.co/IrZNgED8Jb
2020-11-20,1329744733619376129,COVID-19; 20 Nov 2020  Jumlah discaj baru:956 Jumlah kumulatif:39088 (74.3%)  Jumlah kes baru:958 Jumlah kumulatif:52638 Jumlah kes aktif:13221  Kes tempatan:953 Kes import:5  Jumlah kematian: 3  Jumlah kumulatif: 329 (0.6%)  Jumlah kes di ICU: 110 kes Pesakit intubated: 42 kes ,t.co/PRxeLZDYpg
2020-11-21,1330097655670771712,"COVID-19; 21 Nov 2020  Jumlah discaj baru:1405 Jumlah kumulatif:40493 (75.4%)  Jumlah kes baru:1041 Jumlah kumulatif:53679 Jumlah kes aktif:12854  Kes local 1039 (469WN, 570BWN) Kes import:2 (1WN, 1BWN)  Jumlah kematian:3  Jumlah kumulatif:332 (0.6%)  Kes di ICU:108 intubated:45 ",t.co/DrXpFiWHnZ
2020-11-22,1330451323804848128,"COVID-19; 22 Nov 2020  Jumlah discaj baru:1104 Jumlah kumulatif:41597 (75.9%)  Jumlah kes baru:1096 Jumlah kumulatif:54775 Jumlah kes aktif:12843  Kes local:1090 (425 WN, 665 BWN) Kes import:6 BWN  Jumlah kematian:3 Jumlah kumulatif: 335 (0.61%)  Kes di ICU: 106 Pt intubated: 46 ",t.co/2k6KQGdPVC
2020-11-23,1330829293610356738,"COVID-19; 23 Nov 2020  Jumlah discaj baru:; 883 Jumlah kumulatif; 42480 (74.9%)  Jumlah kes baru:1884 Jumlah kumulatif:56659 Jumlah kes aktif:13842  Kes tempatan:1882 (476 WN, 1406 BWN) Kes import: 2 (2WN)  Jumlah kematian:2 Jumlah kumulatif:337 (0.6%) kes di ICU:115 intubated:48 ",t.co/mRmUCJWENk
2020-11-24,1331178298945146880,"COVID-19; 24 Nov 2020  Jumlah sembuh baru:1673 Jumlah kumulatif: 44153  (75%)  Jumlah kes baru:2188 Jumlah kumulatif:58847 Jumlah kes aktif:14353  Kes tempatan:2188 Kes import:0   Jumlah kematian:; 4 (3WN, 1BWN) Jumlah kumulatif:341 (0.6%)  Kes di ICU: 112  Pesakit intubated: 49 ",t.co/MI2MIf8I8e
2020-11-25,1331555292832690178,COVID-19; 25 Nov 2020  Jumlah sembuh baru:2348 Jumlah kumulatif discaj:  46501 (77.7%)  Jumlah kes baru:970 Jumlah kumulatif:59817 Jumlah kes aktif:12971  Kes tempatan:965 Kes import:5  Jumlah kematian:4 Jumlah kumulatif:345 (0.6%)  Jumlah kes di ICU: 110 Pesakit intubated: 47 ,t.co/ptTVinpQro
2020-11-26,1331902066348814336,COVID-19; 26 Nov 2020  Jumlah sembuh baru:2555 Jumlah kumulatif: 49056 (80.7%)  Jumlah kes baru:935 Jumlah kumulatif:60752 Jumlah kes aktif:11348  Kes tempatan:931 Kes import:4  Jumlah kematian: 3 (3WN) Jumlah kumulatif: 348 (0.57%)  Jumlah kes di ICU: 110 Pesakit intubated: 45 ,t.co/U5dLYNgeOx
2020-11-27,1332277406204194816,COVID-19;  27 Nov 2020  Jumlah sembuh baru:1148 Jumlah kumulatif:50204 (81.2%)  Jumlah kes baru:1109 Jumlah kumulatif:61861 Jumlah kes aktif:11307  Kes tempatan: 1099  Kes import: 10   Jumlah kematian: 2 (2 BWN) Jumlah kumulatif: 350 (0.57%)  Kes di ICU:113 Pesakit intubated:41 ,t.co/mdUDtIn7Hs
2020-11-28,1332626780465758209,"COVID-19; 28 Nov 2020  Jumlah sembuh baru:1110 Jumlah kumulatif:51314 (81.2%)  Jumlah kes baru:1315 Jumlah kumulatif:63176 Jumlah kes aktif:11508  Kes tempatan:1310 Kes import:5  Jumlah kematian:4 (1 WN, 3 BWN) Jumlah kumulatif:350 (0.56%)  Kes di ICU:118 Pesakit intubated:43 ",t.co/aN0dFsCiLj
2020-11-29,1332989578995671040,"COVID-19; 29 Nov 2020  Jumlah sembuh baru:1333 Jumlah kumulatif:52647 (81.6%)  Jumlah kes baru:1309 Jumlah kumulatif:64485 Jumlah kes aktif:11481  Kes tempatan:1308 Kes import:1  Jumlah kematian:3 (2 WN, 1 BWN) Jumlah kumulatif:357 (0.55%)  Jumlah kes di ICU:116 Pt intubated:42 ",t.co/wbp2p99BgA
2020-11-30,1333367864166809600,"COVID-19; 30 Nov 2020  Jumlah sembuh baru:2112 Jumlah kumulatif:54759 (83.4%)  Jumlah kes baru:1212 Jumlah kumulatif:65697 Jumlah kes aktif:10578  Kes tempatan:1,203 (644WN, 559BWN) Kes import: 9 (7WN, 2BWN)   Jumlah kematian:3 Jumlah kumulatif:360 (0.55%)  di ICU:113 ntubated:42 ",t.co/piUF5dYxTT
2020-12-01,1333715004508360704,"COVID-19; 1 Dis 2020  Jumlah sembuh baru:1552 Jumlah kumulatif:56311 (83.8%)  Jumlah kes baru:1472 Jumlah kumulatif:67169 Jumlah kes aktif:10495  Kes tempatan1467 Kes import:5  Jumlah kematian:3 (2 WN, 1 BWN) Jumlah kumulatif363 (0.54%)  Jumlah kes di ICU:120 Pesakit intubated:44 ",t.co/ZGJCVjuazE
2020-12-02,1334087730062454784,"COVID-19; 2 Dis 2020  Jumlah sembuh baru:658 Jumlah kumulatif:56969 (83.75%)  Jumlah kes baru:851 Jumlah kumulatif:68020 Jumlah kes aktif:10686  Kes tempatan:847 (580WN, 267BWN) Kes import:4 (2WN, 2BWN)  Jumlah kematian:2 Jumlah kumulatif :365 (0.54%)  kes di ICU:122  ntubated:47 ",t.co/4N9sukWLhc
2020-12-04,1334817312784830464,COVID-19; 4 Dis 2020  Jumlah sembuh baru: 1144  Jumlah kumulatif: 59061 (84.1%)  Jumlah kes baru: 1141 Jumlah kumulatif: 70236 Jumlah kes aktif: 10799  Kes tempatan:1138  Kes import:3   Jumlah kematian:0 Jumlah kumulatif: 376 (0.54%)  Jumlah kes di ICU: 129  Pesakit intubated: 53 ,t.co/cDdu5y9xAy
2020-12-05,1335166520549277696,COVID-19; 5 Dis 2020  Jumlah sembuh baru: 1143 Jumlah kumulatif: 60204 (84.4%)  Jumlah kes baru: 1123 Jumlah kumulatif: 71359 Jumlah kes aktif: 10775  Kes tempatan: 1118 Kes import: 5  Jumlah kematian:4  Jumlah kumulatif: 380 (0.53%)  Jumlah kes di ICU: 130  Pesakit intubated: 54 ,t.co/2nze3Nooz7
2020-12-06,1335579385957470216,"COVID-19; 6 Dis 2020  Jumlah sembuh baru:1069 Jumlah kumulatif:61273 (84.29%)  Jumlah kes baru: 1335 Jumlah kumulatif:72694 Jumlah kes aktif: 11039  Kes tempatan:1332 (563WN, 769BWN) Kes import:3 WN  Jumlah kematian: 2 WN Jumlah kumulatif:382 (0.53%)  Kes di ICU:126  intubated:57 ",t.co/wz4Rxb5faR
2020-12-07,1335896502460301313,COVID-19; 7 Dis 2020  Jumlah sembuh baru: 1033 Jumlah kumulatif:62306 (83.9%)  Jumlah kes baru:1600 Jumlah kumulatif:74294 Jumlah kes aktif:11604  Kes tempatan: 1597 Kes import:3   Jumlah kematian:2 (2 WN) Jumlah kumulatif:384 (0.52%)  Jumlah kes di ICU: 129 Pesakit intubated: 57 ,t.co/vizwuxsMP3
2020-12-08,1336251961130143744,"COVID-19; 8 Dis 2020  Jumlah sembuh baru:1750 Jumlah kumulatif: 64056 (85.1%)  Jumlah kes baru: 1012 Jumlah kumulatif: 75306 Jumlah kes aktif: 10862  Kes tempatan: 1005 Kes import:7  Jumlah kematian:4 (3 WN, 1 BWN) Jumlah kumulatif:388 (0.52%)  Kes di ICU:126 Pesakit intubated:62 ",t.co/TVSqqPXXyC
2020-12-09,1336632939514273798,"COVID-19; 9 Dis 2020  Jumlah sembuh baru:1068 Jumlah kumulatif: 65124 (85.39%)  Jumlah kes baru:959 Jumlah kumulatif:76265 Jumlah kes aktif:10748  Kes local:953 (518WN, 435BWN) Kes import:6 (4WN, 2BWN)  Jumlah kematian:5 Jumlah kumulatif:393 (0.52%)  kes di ICU:127 intubated: 61 ",t.co/hu3L60D1bQ
2020-12-10,1336996437544988681,COVID-19; 10 Dis 2020  Jumlah sembuh baru:1112 Jumlah kumulatif:66236 (84.4%)  Jumlah kes baru: 2234 Jumlah kumulatif: 78499 Jumlah kes aktif: 11867  Kes tempatan:2229 Kes import:5  Jumlah kematian baru:3WN Jumlah kumulatif; 396 (0.50%)  Jumlah kes di ICU:124 Pesakit intubated:60 ,t.co/cJs9qhVcv5
2020-12-11,1337343794706931713,COVID-19; 11 Dis 2020  Jumlah sembuh baru:937 Jumlah kumulatifj: 67173 (83.6%)  Jumlah kes baru: 1810 Jumlah kumulatif: 80309 Jumlah kes aktif: 12734  Kes tempatan: 1799 Kes import: 11  Jumlah kematian baru: 6 WN Jumlah kumulatif: 402 (0.50%)  Kes di ICU: 123 Pesakit intubated:63 ,t.co/QgJUwSTGvE
2020-12-12,1337701844894666755,"COVID-19; 12 Dis 2020  Jumlah sembuh baru:911 Jumlah kumulatif:68084 (82.8%)  Jumlah kes baru:1937 Jumlah kumulatif:82246 Jumlah kes aktif:13751  Kes tempatan:1935 Kes import:2  Jumlah kematian baru: 9 (7 WN, 2 BWN) Jumlah kumulatif:411 (0.5%)  Kes di ICU:121 Pesakit intubated:66 ",t.co/WPFTmXQTOO
2020-12-13,1338076165253152769,"COVID-19; 13 Dis 2020  Jumlah sembuh baru:1309 Jumlah kumulatif:69393 (83.1%)  Jumlah kes baru:1229 Jumlah kumulatif:83475 Jumlah kes aktif:13667  Kes tempatan:1227 Kes import:2  Jumlah kematian baru:4 (3WN, 1BWN) Jumlah kumulatif:415 (0.5%)  Kes di ICU: 115 Pesakit intubated:65 ",t.co/bqLVGCLQf4
2020-12-14,1338443841624449024,"COVID-19; 14 Dis 2020  Jumlah sembuh baru:1204 Jumlah kumulatif:70597 (83.21%)  Jumlah kes baru:1370 Jumlah kumulatif:84846 Jumlah kes aktif:13830  Kes tempatan:1370 Kes import:1  Jumlah kematian baru:4 (3WN, 1BWN) Jumlah kumulatif:419 (0.49%)  Kes di ICU:114 Pesakit intubated:62 ",t.co/GYi9W0r4L0
2020-12-15,1338789632180273152,COVID-19; 15 Dis 2020  Jumlah sembuh baru:1084 Jumlah kumulatif:71681 (82.8%)  Jumlah kes baru:1772 Jumlah kumulatif:86618 Jumlah kes aktif:14515  Kes tempatan:1760 Kes import:12  Jumlah kematian baru: 3WN Jumlah kumulatif:422 (0.49%)  Jumlah kes di ICU: 118 Pesakit intubated: 56 ,t.co/0XXqhWhIHv
2020-12-16,1339159407247048704,"COVID-19; 16 Dis 2020  Jumlah sembuh baru:1052 Jumlah kumulatif:72733 (82.7%)  Jumlah kes baru:1295 Jumlah kumulatif:87913 Jumlah kes aktif:14751  Kes tempatan:1285 Kes import:10  Jumlah kematian baru:7 (4WN, 3BWN) Jumlah kumulatif:429 (0.49%)  kes di ICU:113 Pesakit intubated:53 ",t.co/gAA2GDerEl
2020-12-17,1339512117146226688,"COVID-19; 17 Dis 2020  Jumlah sembuh baru:1297 Jumlah kumulatif:74030 (83.1%)  Jumlah kes baru:1220 Jumlah kumulatif:89133 Jumlah kes aktif:14671  Kes tempatan:1214 Kes import:6  Jumlah kematian baru:3 (2WN, 1BWN) Jumlah kumulatif:432 (0.48%)  Kes di ICU: 106 Pesakit intubated:53 ",t.co/Ism34Oknzt
2020-12-18,1339886275763965953,COVID-19; 18 Dis 2020  Jumlah sembuh baru:1214 Jumlah kumulatif:75244 (82.9%)  Jumlah kes baru:1683 Jumlah kumulatif:90816 Jumlah kes aktif:15140  Kes tempatan:1675 Kes import:8  Jumlah kematian baru:0 Jumlah kumulatif: 432 (0.48%)  Jumlah kes di ICU: 106 Pesakit intubated: 51 ,t.co/2q2wKkXoz2
2020-12-19,1340246393886130176,COVID-19; 19 Dis 2020  Jumlah sembuh baru:998 Jumlah kumulatif:76242 (82.9%)  Jumlah kes baru:1153 Jumlah kumulatif:91696 Jumlah kes aktif:15294  Kes tempatan:1151 Kes import: 2  Jumlah kematian baru: 1 Jumlah kumulatif: 433 (0.47%)  Jumlah kes di ICU: 112  Pesakit intubated: 56 ,t.co/2bTldC75jA
2020-12-20,1340609991779131392,COVID-19; 20 Dis 2020  Jumlah sembuh baru:1067 Jumlah kumulatif: 77309 (82.9%)  Jumlah kes baru:1340 Jumlah kumulatif:93309 Jumlah kes aktif:15563  Kes tempatan:1337 Kes import:3  Jumlah kematian baru:4 Jumlah kumulatif:437 (0.47%)  Jumlah kes di ICU: 116 Pesakit intubated: 57 ,t.co/1rny3AX6iM
2020-12-21,1340977402734804998,COVID-19; 21 Dis 2020  Jumlah sembuh baru:1084 Jumlah kumulatifj:78393 (82.2%)  Jumlah kes baru:2018 Jumlah kumulatif:95327 Jumlah kes aktif:16496  Kes tempatan:2011 Kes import:7  Jumlah kematian baru:1 Jumlah kumulatif:438 (0.46%)  Jumlah kes di ICU: 109 Pesakit intubated: 55 ,t.co/L9PX8SAVIT
2020-12-22,1341331010143674368,COVID-19; 22 Dis 2020  Jumlah sembuh baru:911 Jumlah kumulatif:79304 (81.4%)  Jumlah kes baru:2062 Jumlah kumulatif:97389 Jumlah kes aktif:17646  Kes tempatan:2058 Kes import:4  Jumlah kematian baru:1 BWN Jumlah kumulatif:439 (0.45%)  Jumlah kes di ICU:111 Pesakit intubated:51 ,t.co/ezWmrxMKZZ
2020-12-23,1341701494211375105,COVID-19; 23 Dis 2020  Jumlah sembuh baru:710 Jumlah kumulatif:80014 (81.0%)  Jumlah kes baru:1348 Jumlah kumulatif:98737 Jumlah kes aktif:18279  Kes tempatan:1332 Kes import:16  Jumlah kematian baru: 5 BWN Jumlah kumulatif:444 (0.45%)  Jumlah kes di ICU:102 Pesakit intubated: 44 ,t.co/6udCoLhu1g
2020-12-24,1342054364492386306,COVID-19; 24 Dis 2020  Jumlah sembuh baru: 1085 Jumlah kumulatif:81099 (80.8%)  Jumlah kes baru:1581 Jumlah kumulatif:100318 Jumlah kes aktif:18773  Kes tempatan:1579 Kes import:2  Jumlah kematian baru:2 WN Jumlah kumulatif:446 (0.44%)  Jumlah kes di ICU:102 Pesakit intubated: 45 ,t.co/Jn6cbWPxCg
2020-12-26,1342773178116890625,COVID-19; 26 Dis 2020  Jumlah sembuh baru:874 Jumlah kumulatif: 83414 (80.3%)  Jumlah kes baru:2335 Jumlah kumulatif:103900 Jumlah kes aktif:20035  Kes tempatan:2324 Kes import:11  Jumlah kematian baru:2WN Jumlah kumulatif:451(0.43%)  Jumlah kes di ICU: 108 Pesakit intubated: 50 ,t.co/OswUCmhs0H
2020-12-27,1343141686382194688,COVID-19; 27 Dis 2020  Jumlah sembuh baru:997 Jumlah kumulatif: 84411 (80.3%)  Jumlah kes baru:1196 Jumlah kumulatif:105096 Jumlah kes aktif:20233  Kes tempatan:1191 Kes import:5  Jumlah kematian baru:1 WN Jumlah kumulatif:452 (0.43%)  Jumlah kes di ICU: 111 Pesakit intubated: 50 ,t.co/FccO8ZgI6c
2020-12-28,1343522137437396993,COVID-19; 28 Dis 2020  Jumlah sembuh baru:1181 Jumlah kumulatif:85592 (80.3%)  Jumlah kes baru: 1594 Jumlah kumulatif:106690 Jumlah kes aktif: 20643  Kes tempatan:1591 Kes import:3  Jumlah kematian baru:3 WN Jumlah kumulatif:455 (0.4%)  Jumlah kes di ICU:116 Pesakit intubated: 53 ,t.co/z6tVMuzthn
2020-12-29,1343865585835261953,COVID-19; 29 Dis 2020  Jumlah sembuh baru:1123 Jumlah kumulatifj:86715 (79.8%)  Jumlah kes baru: 1925 Jumlah kumulatif:108618 Jumlah kes aktif:21443  Kes tempatan:1915 Kes import:10  Jumlah kematian baru:2WN Jumlah kumulatif:457 (0.42%)  Jumlah kes di ICU:117 Pesakit intubated:55 ,t.co/0rhbjED7Mr
2020-12-30,1344230268815560705,"COVID-19; 30 Dis 2020  Jumlah sembuh baru:745 Jumlah kumulatifj:87460 (79.2%)  Jumlah kes baru:1870 Jumlah kumulatif:110485 Jumlah kes aktif:22562  Kes tempatan:1868 Kes import:2  Jumlah kematian baru:6 (5WN, 1BWN) Jumlah kumulatif:463 (0.42%)  Kes di ICU:131 Pesakit intubated:62 ",t.co/U60v5aaL3u
2020-12-31,1344588538092822528,COVID-19; 31 Dis 2020  Jumlah sembuh baru:1481 Jumlah kumulatif:88941 (78.7%)  Jumlah kes baru:2525 Jumlah kumulatif:113010 Jumlah kes aktif:23598  Kes tempatan:2512 Kes import:13  Jumlah kematian baru: 8 WN Jumlah kumulatif:471 (0.42%)  Jumlah kes di ICU:131 Pesakit intubated:60 ,t.co/JpivFntYtX
2021-01-02,1345319250177662984,COVID-19; 2 Jan 2021  Jumlah sembuh baru:3321 Jumlah kumulatif:94492 (80.5%)  Jumlah kes baru:2295 Jumlah kumulatif:117373 Jumlah kes aktif:22398  Kes tempatan:2286 Kes import:9  Jumlah kematian baru:9 WN Jumlah kumulatif:483 (0.41%)  Jumlah kes di ICU: 125 Pesakit intubated: 51 ,t.co/no4c5TWDDm
2021-01-03,1345676128854233089,"COVID-19;  Jan 2021  Jumlah sembuh baru:2726 Jumlah kumulatif:97218 (81.6%)  Jumlah kes baru:1704 Jumlah kumulatif:119077 Jumlah kes aktif:21365  Kes tempatan:1699 Kes import:5  Jumlah kematian baru:11 (10WN, 1BWN) Jumlah kumulatif:494 (0.41%)  Kes di ICU:124 Pesakit intubated:51 ",t.co/MM8r2O5SOR
2021-01-05,1346402422743203840,"COVID-19; 5 Jan 2021  Jumlah sembuh baru:1221 Jumlah kumulatif:99499 (81.%)  Jumlah kes baru:2027 Jumlah kumulatif:122845 Jumlah kes aktif:22887  Kes tempatan:2011 Kes import:16  Jumlah kematian baru: 8 (7WN, 1BWN) Jumlah kumulatif:509 (0.41%)  Kes di ICU:123 Pesakit intubated:52 ",t.co/znwzQfr6l5
2021-01-06,1346781146940510209,"COVID-19; 6 Jan 2021  Jumlah sembuh baru:1129 Jumlah kumulatif: 100,578 (80.2.%)  Jumlah kes baru:2,593 Jumlah kumulatif: 125,438 Jumlah kes aktif: 24,347  Kes tempatan:2,589 Kes import:4  Jumlah kematian baru:4 WN Jumlah kumulatif:513 (0.41%)  Kes di ICU:141 Pesakit intubated:67 ",t.co/XQUG3d1jvJ
2021-01-07,1347108866689888256,"COVID-19; 7 Jan 2021  Jumlah sembuh baru:2,145 Jumlah kumulatif:102,723 (79.9 %)  Jumlah kes baru:3,027  Jumlah kumulatif:128,465 Jumlah kes aktif:25,221  Kes local:3,021 Kes import:6  Jumlah kematian baru:8 (7WN 1BWN) Jumlah kumulatif:521 (0.41%)  Kes di ICU:142 Kes intubated:63 ",t.co/ffv3FZfXJ0
2021-01-08,1347498926572670979,"COVID-19; 8 Jan 2021  Jumlah sembuh baru:2,708 Jumlah kumulatif:105,431 (80.4%)  Jumlah kes baru:2,643 Jumlah kumulatif: 131,108 Jumlah kes aktif:25,140  Kes tempatan: 2,641 Kes import:2  Jumlah kematian baru: 16WN Jumlah kumulatif:537 (0.41%)  Kes di ICU:170 Pesakit intubated:82 ",t.co/3z5tZL63Bo
2021-01-09,1347856282481348608,"COVID-19; 9 Jan 2021  Jumlah sembuh baru:1,401 Jumlah kumulatif:106,832 (80%)  Jumlah kes baru:2,451 Jumlah kumulatif:133,559 Jumlah kes aktif:26,185  Kes local:2,446 (1,867WN, 589BWN) Kes import:5  Jumlah kematian baru:5WN Jumlah kumulatif:542(0.41%)  Kes di ICU:177 intubated:82 ",t.co/a2oBv7PA3t
2021-01-10,1348223505653895172,"COVID-19; 10 Jan 2021  Jumlah sembuh baru:1,227 Jumlah kumulatif: 108,109 (79.5%)  Jumlah kes baru:2,433 J. kumulatif:135,992 J. kes aktif:27,332  Kes local:2,426 (1,784WN, 642BWN) Kes import:7  Jumlah mati baru:9 (7WN, 2BWN) J. kumulatif:551 (0.41%)  kes di ICU:171  intubated:76 ",t.co/ZOmrs0JI35
2021-01-11,1348583676402040834,"COVID-19; 11 Jan 2021  Jumlah sembuh baru:1,006 J. kumulatif sembuh:109,115 (78.9%)  J.  kes baru:2,232 J.  kes kumulatif:138,224  J. kes aktif:28,554  Kes local:2,226 (1,769WN, 457BWN) Kes import:6  J. mati baru:4 (3WN, 1BWN) J.  kumulatif:555 (0.4%)  kes di ICU:187 intubated:87 ",t.co/wYBSxIjMTx
2021-01-12,1348931867269976064,"COVID-19; 12 Jan 2021  Jumlah sembuh baru:1,469 Jumlah kumulatif:110,584 (78.1%)  Jumlah kes baru:3,309 Jumlah kes kumulatif: 141,533 Jumlah kes aktif:30,390  Kes tempatan:3,303 Kes import:6  Jumlah kematian baru: 4WN Jumlah kumulatif:559(0.39%)  Kes di ICU:190 intubated: 83 kes ",t.co/BGfMgssXUA
2021-01-13,1349312911785615362,"COVID-19; 13 Jan 2021  J. sembuh baru:994 J. kumulatif: 111,578 (77.2%)  J. kes baru: 2,985 J. kes kumulatif:144,518  J. kes aktif:32,377  Kes local: 2,983 (2,109WN, 874BWN) Kes import:2  J. kematian baru:4 (2WN, 2BWN) Jumlah kumulatif:563 (0.39%)  kes di ICU:197  Pt Intubated:79 ",t.co/aCFQsrkNWn
2021-01-14,1349673518166802433,"COVID-19; 14 Jan 2021  J sembuh baru:1,710 J kumulatif sembuh: 113,288 (76.6%)  J kes baru:3,337 J kes kumulatif:147,855 J kes aktif: 33,989  Kes local:3,330 (2,142WN, 1,188BWN) Kes import: 7  J kematian baru:15 (13WN, 2BWN) J kumulatif: 578(0.39%)  Kes di ICU:195 Pt intubated:86 ",t.co/FMkqLdgbn5
2021-01-16,1350396715388424195,"COVID-19; 16 Jan 2021  J sembuh baru:2,148 J kumulatif sembuh: 117,375 (75.7%)  J kes baru:4,029 J kes kumulatif:155,095 J kes aktif:37,126  Kes local:4,021 (2,710 WN 67.4% , 1,311BWN) Kes import:8  J mati baru:8 (6WN, 2BWN) J kumulatif:594 (0.38%)  J kes di ICU:205 intubated:79 ",t.co/1s0aldLWG1
2021-01-17,1350748661068644352,"COVID-19; 17 Jan 2021  J sembuh baru:2,676 J kumulatif sembuh:120,051 (75.8%)  J kes baru:3,339 J kes kumulatif:158,434 J kes aktif:37,782  Kes local:3,324 (2,292 WN 68.9%, 1,032BWN) Kes import:15  J kematian baru:7 (6WN, 1BWN) J kumulatif:601 (0.38%)  Kes di ICU:240 intubated:93 ",t.co/bilqmRWgPH
2021-01-18,1351115137718104073,"COVID-19; 18 Jan 2021  J sembuh baru: 2,293 J kumulatif sembuh: 122,344 (75.6%)  J kes baru:3,306 J kes kumulatif:161,740 J kes aktif: 38,791  Kes local:3,299 (2,198WN i.e 66.6% , 1,101BWN) Kes import:7  J kematian baru:4WN J kumulatif:605 (0.37%)  J kes di ICU: 226, intubated:94 ",t.co/GCQUOnzfEY
2021-01-19,1351489270398156801,"COVID-19; 19 Jan2021  J kes sembuh baru:2,944 J kumulatif sembuh:125,288 (75.8 %)  J kes baru:3,631 J kumulatif kes:165,371 J kes aktif:39,464  Kes local: 3,624 (2,754WN, 870BWN) Kes import:7 (5WN, 2BWN)  J kematian baru:14 J kumulatif:619(0.37 %)  J kes di ICU:226 intubated:94 ",t.co/c6qKRjx4Gy
2021-01-20,1351837692330270720,"COVID-19; 20 Jan 2021  J kes sembuh:2,374 J kumulatif sembuh:127,662 (75.4%)  J kes baru:4,008 J kumulatif:169,379 J kes aktif:41,087  Kes local:4,003 (2,802WN-70% , 1,201BWN-30%) Kes import:5WN  J kematian:11(9WN, 2BWN) Jumlah kumulatif:630(0.37%)  J kes di ICU:246 intubated:96 ",t.co/AuT51Y0MqT
2021-01-21,1352216985866649603,"COVID-19; 21 Jan 2021  J kes sembuh:2,490 J kumulatif sembuh: 130,152  (75.4 %)  J kes baru:3,170 J kumulatif:172,549 J kes aktif:41,755  Kes local:3,162 (2,475WN-78.3% , 687BWN-21.7%) Kes import:8  J kematian:12WN J kumulatif:642 (0.37 %)  J kes di ICU: 260 Pesakit intubated:103 ",t.co/lNcRCFVXTe
2021-01-22,1352566809044471809,"COVID-19; 22 Jan 2021  J kes sembuh baru:2,554 J kumulatif sembuh: 132,706 (75.3 %)  J kes baru:3,631 J kumulatif:176,180 J kes aktif:42,814  Kes tempatan:3,625  Kes import:6 (2WN, 4BWN)  J kematian baru:18 (17WN, 1BWN) J kumulatif:660 (0.37%)  J kes di ICU:251 Pt intubated: 102 ",t.co/QDQ0mqHnOX
2021-01-23,1352923741253029889,"COVID-19; 23 Jan 2021  J kes sembuh:4,313 J kumulatif sembuh:137,019 (75.9 %)  J kes baru;4,275 J kumulatif:180,455 J kes aktif:42,769  Kes local:4,264 (3131WN, 1,133BWN) Kes import:11 (8WN, 3BWN)  J kematian baru:7WN J kumulatif:667(0.37 %)  J kes ICU:260 Pesakit intubated:103 ",t.co/wlEKobfA0z
2021-01-24,1353273578565718017,"COVID-19; 24 Jan 2021  J kes sembuh baru:4,427 J kumulatif:141,446(77 %)  J kes baru;3,346 J kumulatif kes:183,801 J kes aktif:41,677  Kes local:3,339 (2,602WN, 737BWN) Kes import:7 (6WN, 1BWN)  J kematian baru:11 (10WN, 1BWN) J kumulatif:678(0.37 %)  J kes ICU:265 intubated:102 ",t.co/f3xsvnwppz
2021-01-25,1353654745450205184,"COVID-19; 25 Jan 2021  J kes sembuh baru:3,638 J kumulatif sembuh:145,084 (77.65 %)  J kes baru:3,048 J kumulatif kes:186,849 J kes aktif:41,076  Kes local:3,040 (2,494WN, 546BWN) Kes import:8WN  J kematian:11 (10WN, 1BWN) J kumulatif:689 (0.37%)  J kes di ICU:261 P intubated:101 ",t.co/77F9fdrQiC
2021-01-26,1354007532587544576,"COVID-19; 26 Jan 2021  J kes sembuh baru:4,076 J kumulatif:149,160 (78.3 %)  J kes baru:3,585 J kumulatif:190,434 J kes aktif:40,574  Kes local:3,582 (3,053WN-85.2%, 529BWN) Kes import:3 (1WN, 2BWN)  J kematian baru:11 J kumulatif:700 (0.37 %)  J kes di ICU:280 Pt intubated:111 ",t.co/rVgGi4D4z4
2021-01-27,1354372792649568259,"COVID-19; 27 Jan 2021  J kes sembuh:1,858 J kumulatif sembuh: 151,018 (77.8%)  J kes baru;3,680 J kumulatif kes:194,114 J kes aktif:42,389  Kes local:3,674 (2,384WN-64.9%, 1,290BWN-35.1%) Kes import:6  J mati baru:7WN J kumulatif:707(0.36%)  J kes di ICU:314 Pesakit intubated:122 ",t.co/VBndmbgSSd
2021-01-28,1354721435860652034,"COVID-19;  28 Jan 2021  J kes sembuh:3,281 J kumulatif kes:154,299 (77.8%)  J kes baru;4,094 J kumulatif kes:198,208 J kes aktif:43,192  Kes tempatan:4,086  Kes import:8 (2WN, 6BWN)  J kematian baru:10 (9WN, 1BWN) J kumulatif: 717 (0.36 %)  J kes di ICU: 303 Pesakit intubated:118 ",t.co/DaZly9CTx5
2021-01-29,1355091890744430596,"COVID-19; 29 Jan 2021  J kes sembuh: 3,423 J kumulatif sembuh: 157,722 (77.34 %)  J kes baru; 5,725 J kumulatif: 203,933 J kes aktif: 45,478  Kes tempatan: 5,718  Kes import: 7(5WN, 2BWN)  J kematian baru:16WN J kumulatif: 733 (0.36 %)  J kes di ICU: 301 Pesakit Intubated: 115 ",t.co/FsEsbH7xPy
2021-01-30,1355462505754050563,"COVID-19;  30 Jan 2021  J sembuh baru: 3,805 J kumulatif sembuh: 161,527 (77.04 %)  J kes baru; 5,728 J kumulatif:209,661 J kes aktif:47,388  Kes tempatan:5,723  Kes import:5 (2WN, 3BWN)  J kematian:13 (12WN, 1BWN) J kumulatif:746 (0.36 %)  J kes di ICU:319 Pesakit Intubated:120 ",t.co/ffEtzVf91T
2021-01-31,1355829911689125889,"COVID-19; 31 Jan 2021  J kes sembuh: 4,522 J kumulatif: 166,049 (77.2%)  J kes baru;5,298  J kumulatif:214,959 J kes aktif: 48,150  Kes local:5,295 (3,402WN-64.2%, 1,893BWN-35.8%) Kes import:3  J kematian:14(12WN, 1BWN) J kumulatif:760 (0.35 %)  J kes di ICU:313 Pt Intubated:127 ",t.co/L6aYM3hyXO
2021-02-01,1356185550990917636,"COVID-19; 1 Feb 2021  J kes sembuh:4,280 J kumulatif:170,329 (77.7 %)  J kes baru:4,214  J kumulatif:219,173 J kes aktif:48,074  Kes local:4,205 (2,645WN-62.9%, 1,560BWN-37.1%) Kes import:9 (8 WN)  J kematian baru:10WN J kumulatif:770 (0.35 %)  J kes di ICU:316 Pt Intubated:137 ",t.co/R4shWngWyG
2021-02-02,1356546574571036675,"COVID-19; 2 Feb 2021  J kes sembuh:3,661 J kumulatif: 173,990 (78.2%)  J kes baru;3,455  J kumulatif:222,628 J kes aktif:47,847  Kes local:3,450 (2,068WN-59.9%, 1,382BWN) Kes import:5  J kematian:21 (20WN, 1BWN) Jumlah kumulatif:791(0.36 %)  J kes di ICU:327 Pesakit Intubated:145 ",t.co/6vLAxXTpyQ
2021-02-03,1356914862648029185,"COVID-19; 3 Feb 2021  J kes sembuh:3,804 J kumulatif:177,794 (78.4%)  J kes baru:4,284  J kumulatif:226,912 J kes aktif:48,309  Kes local:4,278 (2,619WN-61.2%, 1,659BWN) Kes import:6(2WN, 4BWN)  J kematian baru:18 (17WN) J kumulatif:809(0.36 %)  J kes di ICU:307 Pt Intubated:141 ",t.co/GPV7Tiiicl
2021-02-04,1357277748188782593,"COVID-19; 4 Feb 2021  J kes sembuh:4,092 J kumulatif:181,886 (78.6%)  J kes baru;4,571  J kumulatif:231,483 J kes aktif:48771  Kes local:4,568 (3,176WN-69.5%, 1,392BWN) Kes import:3WN  J kematian baru:17 (15WN, 2BWN) ",t.co/YW0I7RCMhk
2021-02-05,1357645737228607489,"COVID-19; 5 Feb 2021  J kes sembuh:3,392 J kumulatif:185,278 (78.9%)  J kes baru;3,391  J kumulatif:234,874 Jumlah kes aktif:48,751  Kes local: 3,387(2,439WN-72%, 948BWN) Kes import:4(2WN, 2BWN)  J kematian;19(15WN, 2BWN) J kumulatif:845(0.36 %)  J kes di ICU:310.   Intubated:134 ",t.co/Kucgce6wXs
2021-02-06,1357988605210152962,"COVID-19; 6 Feb 2021  J kes sembuh:1,692 J kumulatif:186,970 (78.3%)  J kes baru:3,847  J kumulatif:238,721 J kes aktif:50,894  Kes local:3,843 (2,569WN-66.8%, 1,274BWN) Kes import:4WN  J kematian baru:12 (15WN, 2BWN) J kumulatif: 857(0.36 %)  J kes di ICU:305 Pt Intubated: 139 ",t.co/FOM2ypwt0z
2021-02-07,1358362501939822595,"COVID-19: 7 Feb 2021  J kes sembuh:3,369 J kumulatif:190,339 (78.5%)  J kes baru;3,731  J kumulatif:242,452 J kes aktif:51,241  Kes local: 3,723 (1,946 WN-52.3%, 1,777 BWN) Kes import: 8 (4WN, 4BWN)  J kematian:15WN J kumulatif:872(0.36 %)  J kes di ICU:292 Pesakit Intubated:140 ",t.co/5jBN9x4vcj
2021-02-08,1358719937045438465,"COVID-19; 8 Feb 2021  J kes sembuh:2,340 J kumulatif:192,679 (78.5%)  J kes baru;3,100  J kumulatif:245,552  J kes aktif:51,977  Kes local:3,099 (1,619WN-52.2%, 1,480BWN-47.8%) Kes import: 1WN  J kematian;:24 (21WN, 3BWN) J kumulatif:896(0.36 %)  J kes di ICU:282 Pt Intubated:134 ",t.co/DqaZWhzbmm
2021-02-10,1359448496026181632,"COVID-19; 10 Feb 2021  J kes sembuh:1,929 J kumulatif:198,495 (78.9%)  J kes baru:3,288  J kumulatif:251,604  J kes aktif:52,186  Kes local:3,283 (1,889WN-57.5%, 1,394BWN-42.5%) Kes import:5 (3WN, 2BWN)  J kematian:14WN J kumulatif:923 (0.37 %)  J kes di ICU:285 Pt Intubated: 131 ",t.co/1APAPZ65eg
2021-02-11,1359803920030126083,"COVID-19; 11 Feb 2021  J kes sembuh:3,774 J kumulatif:202,269 (79.3%)  J kes baru;3,384  Jumlah kumulatif: 254,988 J kes aktif:51,783  Kes local:3,369 (1,954WN-58%, 1,415BWN) Kes import:15 (5WN, 10BWN)  J kematian:13(11WN) J kumulatif:936(0.37%)  J kes di ICU:259 Pt Intubated:122 ",t.co/IT9RnQULsw
2021-02-12,1360171913033617411,"COVID-19: 12 Feb 2021  J kes sembuh:3,505 J kumulatif:205,774 (79.7%)  J kes baru:3,318  J kumulatif: 258,306  J kes aktif: 51,579  Kes local: 3,311 (1,673WN-50.5%, 1,638BWN) Kes import:7(3 WN)  J kematian:17(16WN) J kumulatif:953(0.37 %)  J kes di ICU:258 Pesakit Intubated:119 ",t.co/07RSmsO3A7
2021-02-13,1360523282601058305,"COVID-19; 13 Feb 2021  J kes sembuh:3,515 J kumulatif: 209,289 (79.94%)  J kes baru:3,499  J kumulatif:261,805 J kes aktif:51,558  Kes local:3,498 (1,871WN-53.5%, 1,627BWN-46.51%) Kes import: 1WN  J kematian:5WN J kumulatif:958 (0.37%)  J kes di ICU:263 Pesakit Intubated: 118 ",t.co/0OV9J4tc4D
2021-02-14,1360894954017419265,"COVID-19; 14 Feb 2021  J kes sembuh:4,525 J kumulatif:213,814 (80.9%)  J kes baru:2,464  J kumulatif:264,269 J kes aktif:49,490  Kes local:2,461 (1,705WN-69.3%, 756BWN-30.3%) Kes import:3 (2WN, 1BWN)  J kematian: 7WN J kumulatif:965(0.37 %)  J kes di ICU:260 Pesakit Intubated:111 ",t.co/8mbtZi9jOQ
2021-02-15,1361250755588485123,"COVID-19; 15 Feb 2021  J kes sembuh: 4,521 J kumulatif: 218,335 (81.9%)  J kes baru: 2,176  J kumulatif: 266,445 J kes aktif: 47,135  Kes local: 2,175 (1,618WN-74.4%, 557BWN-25.6%) Kes import:1WN  J kematian:10WN J kumulatif: 975 (0.37 %)  J kes di ICU: 260 Pesakit Intubated: 112 ",t.co/Yhr88R9Shv
2021-02-16,1361632748994060288,"COVID-19; 16 Feb 2021  J kes sembuh: 5,718 J kumulatif: 224,053 (83.24%)  J kes baru; 2,720  J kumulatif:269,165  J kes aktif:44,129  Kes local: 2,720 (1,391WN-51.1%, 1,329BWN-48.9%) Kes import:0   J kematian:8(7WN) J kumulatif: 983(0.37 %)  J kes di ICU:253 Pesakit Intubated:118 ",t.co/INHqORa9ja
2021-02-17,1361980739235893251,"COVID-19; 17 Feb 2021  J kes sembuh: 5,709 J kumulatif:229,762 (84.4%)  J kes baru:2,998  J kumulatif:272,163  J kes aktif:41,396  Kes local:2,991 (1,578WN-52.8%, 1,413BWN) Kes import:7(4BWN)   J kematian:22 (21WN) J kumulatif:1,005 (0.37%)  J kes di ICU:231 Pesakit Intubated:115 ",t.co/rLeKuYlA6L
2021-02-18,1362345745727315969,"COVID-19; 18 Feb 2021  J kes sembuh:5,320 J kumulatif: 235,082 (85.5%)  J kes baru;2,712  J kumulatif:274,875  J kes aktif:38,763  Kes local: 2,708 (1,588WN-58.6%, 1,120BWN) Kes import:4 (3WN)  J kematian:25 (21WN) J kumulatif:1,030 (0.37%)  J kes di ICU:227 Pesakit Intubated:103 ",t.co/eYXvcZ25Fb
2021-02-19,1362703258456711169,"COVID-19; 19 Feb 2021  J kes sembuh:4,889 J kumulatif: 239,971 (86.4%)  J kes baru; 2,936 J kumulatif:277,811  J kes aktif:36,797  Kes local:2,919 (1,572WN-53.9%, 1,347BWN) Kes import:17(13BWN)   J kematian:13(11WN) J kumulatif:1,043(0.38%)  J kes di ICU:220 Pesakit Intubated:104 ",t.co/d7BDBLGSTv
2021-02-20,1363068554313035779,"COVID-19; 20 Feb 2021  J kes sembuh:4,782 J kumulatif:244,753 (87.33%)  J kes baru: 2,461 J kumulatif:280,272  J kes aktif:34,468  Kes local: 2,461 (1,589WN-64.6%, 872BWN-35.4%) Kes import: 0 kes   J kematian: 8WN J kumulatif: 1,051(0.37 %)  J kes di ICU:207 Pesakit Intubated: 91 ",t.co/4OmyjXKSa8
2021-02-21,1363422142428143622,"COVID-19; 21 Feb 2021  J kes sembuh:4,456 J kumulatif:249,209 (87.88%)  J kes baru:3,297  J kumulatif:283,569  J kes aktif:33,304  Kes local:3,291 (1,402WN, 1,889BWN) Kes import: 6 (5WN, 1BWN)  J kematian:5 J kumulatif:1,056 (0.37%)  J kes di ICU: 209 Pesakit Intubated: 91 ",t.co/KLLNwxDMCQ
2021-02-22,1363811048394919941,"COVID-19; 22 Feb 2021  J kes sembuh:3,414 J kumulatif:252,623 (88.4%)  J kes baru; 2,192  J kumulatif:285,761  J kes aktif:32,076  Kes local:2,189 (1,337WN, 852BWN) Kes import:3 (2WN, 1BWN)  J kematian:6 (5BWN, 1WN) J kumulatif:1,062 (0.37%)  J kes di ICU:199 Pesakit Intubated:91 ",t.co/6AVtYTIlTq
2021-02-23,1364147890306736128,"COVID-19; 23 Feb 2021  J kes sembuh:4,055 J kumulatif:256,678 (89.05%)  J kes baru: 2,468  J kumulatif:288,229  J kes aktif:30,475  Kes local:2,464 (1,549WN, 915BWN) Kes import:4(2WN, 2BWN)  J kematian:14(13BWN, 1WN) J kumulatif:1,076(0.37%)  J kes di ICU:196 Pesakit Intubated:92 ",t.co/LzDjLMwAkU
2021-02-25,1364882098771750914,"COVID-19; 25 Feb 2021  J kes sembuh: 3,752 J kumulatif: 263,761 (89.81%)  J kes baru; 1,924 J kumulatif: 293,698  J kes aktif: 28,837  Kes local: 1,918 (1,543WN, 375BWN) Kes import:6 (2WN, 4BWN)  J kematian: 12WN J kumulatif: 1,100 (0.37%)  J kes di ICU: 205 Pesakit Intubated: 91 ",t.co/mWCmIzsy8P
2021-02-26,1365251601829568517,"COVID-19; 26 Feb 2021  J kes sembuh:3,085 J kumulatif:266,846 (90.2%)  J kes baru:2,253 J kumulatif:295,951  J kes aktif:27,994  Kes local: 2,246 (1,324WN-58.9%, 922BWN-41.1%) Kes import:7(3WN)  J kematian:11 (8WN) J kumulatif:1,111(0.38 %)  J kes di ICU:201 Pesakit Intubated: 93 ",t.co/lc6jE063aF
2021-02-27,1365607514675421184,"COVID-19; 27 Feb 2021  J kes sembuh:3,320 J kumulatif:270,166 (90.6%)  J kes baru;2,364  J kumulatif:298,315  J kes aktif:27,028  Kes local:2,363 (1,455WN-61.6%, 908BWN-38.4%) Kes import:1WN  J kematian:10(8WN, 2BWN) J kumulatif:1,121(0.38%)  J kes di ICU:190 Pesakit Intubated:99 ",t.co/igZMT4RcFW
2021-02-28,1365967672953868288,"COVID-19; 28 Feb 2021  J kes sembuh:3,251 J kumulatif:273,417 (90.91%)  J kes baru:2,437  J kumulatif:300,752  J kes aktif:26,205  Kes local:2,435 (1,226WN-50.3%, 1,209BWN-49.7%) Kes import:2(1WN)  J kematian:9(8WN) J kumulatif:1,130(0.38%)  J kes di ICU:202  Pesakit Intubated:93 ",t.co/y6gVlxQ9ck
2021-03-01,1366340148233822209,"COVID-19; 1 Mac 2021  J kes sembuh:2,486 J kumulatif:275,903 (91.21%)  J kes baru;1,828 J kumulatif:302,580  J kes aktif:25,542  Kes local: 1,821 (1,058WN-58.1%, 76BWN-41.9%) Kes import: 7(4WN, 3BWN)  J kematian:5WN J kumulatif:1,135 (0.38%)  J kes di ICU:198 Pesakit Intubated:90 ",t.co/nEuYp8koFp
2021-03-02,1366704698917412864,"COVID-19; 2 Mac 2021  J  kes sembuh:2,528 J kumulatif:278,431 (91.5%)  J kes baru:1,555 J kumulatif:304,135  J kes aktif:24,563  Kes local: 1,552 (1,108WN-71.4%, 444BWN-28.6%) Kes import:3BWN  J kematian:6 (5WN) J kumulatif:1,141(0.38 %)  J kes di ICU:204 Pesakit Intubated:96 ",t.co/EV0pVvFS0H
2021-03-03,1367077041212948481,"COVID-19; 3 Mac 2021  J kes sembuh:2,276 J kumulatif:280,707 (91.8%)  J kes baru:1,745  J kumulatif:305,880  J kes aktif:24,025  Kes local:1,743 (1,037WN-59.5%, 706BWN-40.5%) Kes import:2BWN  J kematian:7(6WN, 1BWN) J kumulatif:1,148(0.38 %)  J kes di ICU:204 Pesakit Intubated:96 ",t.co/SOVr76KhBH
2021-03-04,1367428807989235713,"COVID-19; 4 Mac 2021  J kes sembuh:2,922 J kumulatif:283,629 (92.1%)  J kes baru:2,063  J kumulatif:307,943  J kes aktif:23,161  Kes local: 2,054 (1,419WN-69.1%, 635BWN-30.9%) Kes import:9(2WN, 7BWN)  J kematian:5 WN J kumulatif:1,153(0.38%)  J kes di ICU:193 Pesakit Intubated:99 ",t.co/adIBaWfnSb
2021-03-05,1367779526973956101,"COVID-19; 5 Mac 2021  J kes sembuh: 3,275 J kumulatif: 286,904 (92.5%)  J kes baru:2,154  J kumulatif:310,097  J kes aktif:22,034  Kes local:2,149 (1,339WN-62.3%, 810BWN-37.7%) Kes import:5(3WN, 2BWN)  J kematian:6WN J kumulatif:1,159(0.37%)  J kes di ICU:184 Pesakit Intubated:87 ",t.co/zGRb64MjaL
2021-03-06,1368138364264751108,"COVID-19; 6 Mac 2021  J kes sembuh: 2,548 J kumulatif: 289,452 (92.8%)  J kes baru: 1,680 J kumulatif: 311,777  J kes aktif: 21,159  Kes local: 1,677 (1,225WN-73.1%, 452BWN-26.9%) Kes import: 3 WN  J kematian:7 WN J kumulatif:1,166(0.37%)  J kes di ICU: 172 Pesakit Intubated: 84 ",t.co/vkBrvrVNfJ
2021-03-07,1368493402346557442,"COVID-19: 7 Mac 2021  J kes sembuh:2,506 J kumulatif:291,958 (93.14%)  J kes baru:1,683  J kumulatif:313,460  J kes aktif:20,333  Kes local: 1,673 (1,132WN-67.7%, 541BWN-32.3%) Kes import:10(6BWN)  J kematian:3 WN J kumulatif:1,169(0.37%)  J kes di ICU:174 Pesakit Intubated:81 ",t.co/a5OTKPAS0D
2021-03-08,1368860575439093760,"COVID-19; 8 Mac 2021  J kes sembuh:2,076 J kumulatif:294,034 (93.3%)  J kes baru:1,529  J kumulatif:314,989  J kes aktif:19,778  Kes local: 1,520 (1,177WN-77.4%, 343BWN) Kes import:9 (3WN)  J kematian baru: 8 (7WN) J kumulatif:1,177 (0.37%)  J kes di ICU:160 Pesakit Intubated:79 ",t.co/ARAWexoQRM
2021-03-09,1369228155995578368,"COVID-19; 9 Mac 2021  J kes sembuh:2,345 J kumulatif:296,379 (93.7%)  J kes baru;1,280 J kumulatif:316,269  J kes aktif:18,704  Kes local:1,278  (919WN-71.9%, 359BWN-28.1%) Kes import:2 (1BWN)  J kematian:9 (8WN) J kumulatif:1,186 (0.37%)  J kes di ICU:155 Pesakit Intubated:76 ",t.co/wUOpgCro7V
2021-03-10,1369593386974416896,"COVID-19: 10 Mac 2021  J kes sembuh:2,137 J kumulatif:298,516 (94.0%)  J kes baru:1,448 J kumulatif:317,717  J kes aktif:18,010  Kes local: 1,438 (878WN-61.1%, 560BWN-38.9%) Kes import:10 (1WN, 9BWN)  J kematian; 5WN J kumulatif:1,192(0.38%)  J kes di ICU:151 Pesakit Intubated:72 ",t.co/SIh7d8Rrgb
2021-03-11,1369942481215791110,"COVID-19: 11 Mac 2021  J kes sembuh:2,104 J kumulatif:300,620 (94.1%)  J kes baru:1,647  J kumulatif:319,364  J kes aktif:17,544  Kes local:1,642 (1,102 WN-67.1%, 540BWN-32.9%) Kes import:5 (3WN)  J kematian: 9WN J kumulatif:1,200 (0.38%)  J kes di ICU:147 Pesakit Intubated:61 ",t.co/sOtREtnKkP
2021-03-12,1370311621491400704,"COVID-19: 12 Mac 2021  J kes sembuh:2,042 J kumulatif:302,662 (94.3%)  J kes baru:1,575  J kumulatif:320,939  J kes aktif:17,074  Kes local:1,568 (1,269WN-80.9%, 299BWN-19.1%) Kes import:7 (6BWN)  J kematian:3 (2WN) J kumulatif:1,203(0.37%)  J kes di ICU:147 Pesakit Intubated:67 ",t.co/ppdAFk1qnQ
2021-03-13,1370676030910857216,"COVID-19: 13 Mac 2021  J kes sembuh:1,830 J kumulatif:304,492 (94.4%)  J kes baru:1,470 J kumulatif:322,409  J kes aktif:16,711  Kes local:1,458 (1,099WN-75.4%, 359BWN-24.6%) Kes import:12 (8 WN) J kematian:3 WN J kumulatif: 1,206(0.37%)  J kes di ICU:162 Pesakit Intubated: 70 ",t.co/lYv2HJTn8T
2021-03-14,1371026112206147587,"COVID-19: 14 Mac 2021  J kes sembuh:1,782 J kumulatif:306,274 (94.6%)  J kes baru:1,354 J kumulatif:323,763  J kes aktif:16,279  Kes local:1,340 (1,042WN-77.8%, 298BWN-22.2%) Kes import:14(13WN, 1BWN)  J kematian:4WN J kumulatif:1,210(0.37%)  J kes di ICU:158 Pesakit Intubated:71 ",t.co/ywYN4fluWd
2021-03-15,1371399841322967045,"COVID-19: 15 Mac 2021  J kes sembuh:1,973 J kumulatif:308,247 (94.9%)  J kes baru:1,208  J kumulatif::324,971  J kes aktif:15,511  Kes local: 1,199 (920WN-76.7%, 279BWN-23.3%) Kes import:9 (7BWN)  J kematian: 3(2WN) J kumulatif:1,213 (0.37%)  J kes di ICU:155 Pesakit Intubated:70 ",t.co/bgiLVo95G6
2021-03-16,1371757780332253188,"COVID-19: 16 Mac 2021  J kes sembuh:1,365 J kumulatif:309,612 (94.96%)  J kes baru: 1,063  J kumulatif: 326,034  J kes aktif: 15,204  Kes local: 1,059 (814WN-76.9%, 245BWN-23.1%) Kes import: 4BWN  J kematian: 5WN J kumulatif: 1,218 (0.37%)  J kes di ICU: 152 Pesakit Intubated: 68 ",t.co/RXJ6KcTFyv
2021-03-18,1372472583870771200,"COVID-19: 18 Mac 2021  J kes sembuh:1,503 J kumulatif:312,461 (95.13%)  J kes baru:1,213  J kumulatif:328,466  J kes aktif:14,782  Kes local: 1,207 (866WN, 341BWN) Kes import:6 (1WN, 5BWN)  J kematian:3WN J kumulatif:1,223 (0.37%)  J kes di ICU:155 Pesakit Intubated: 54 ",t.co/uQecQDy0Rw
2021-03-19,1372831514308747267,"COVID-19: 19 Mac 2021  J kes sembuh:1,996 J kumulatif:314,457 (95.3%)  J kes baru:1,576 J kumulatif:330,042  J kes aktif:14,360  Kes local:1,565 (867WN, 698BWN) Kes import:11 (8WN, 3BWN)  J kematian: 2 WN J kumulatif: 1,225 (0.37%)  J kes di ICU: 151 Pesakit Intubated: 57 ",t.co/HdORudg0H0
2021-03-20,1373203850157387790,"COVID-19: 20 Mac 2021  J kes sembuh:1,585 J kumulatif:316,042 (95.8%)  J kes baru:1,671 J kumulatif:331,713  J kes aktif:14,442  Kes local: 1,669 (1,038WN, 631BWN) Kes import: 2 (1WN, 1BWN)  J kematian baru: 4 WN J kumulatif: 1,229 (0.37%)  J kes di ICU: 151 Pesakit Intubated: 64 ",t.co/aNWeHytKfn
2021-03-21,1373574745644498944,"COVID-19: 21 Mac 2021  J kes sembuh: 1,247 J kumulatif: 317,289 (95.27%)  J kes baru: 1,327 J kumulatif: 333,040  J kes aktif: 14,518  Kes local:1,316 (861 WN, 455 BWN) Kes import: 11 (4WN, 7BWN)  J kematian: 4 WN J kumulatif: 1,233(0.37%)  J kes di ICU: 154 Pesakit Intubated: 65 ",t.co/8dVy3V5tOR
2021-03-22,1373928189370638345,"COVID-19: 22 Mac 2021  J kes sembuh: 1,495 Jumlah kumulatif: 318,784 (95.4%)  J kes baru:1,116 J kumulatif:334,156  J kes aktif:14,134  Kes local: 1,108 (722WN, 386BWN) Kes import:8 (5WN)  J kematian:5  (4WN) J kumulatif:1,238 (0.37%)  J kes di ICU: 156 Pesakit Intubated: 60 kes ",t.co/xuxsrlgiZO
2021-03-23,1374292143708114953,"COVID-19: 23 Mac 2021  J kes sembuh: 1,058 J kumulatif: 319,842 (95.3%)  J kes baru:  1,384  J kumulatif: 335,540  J kes aktif: 14,454  Kes local: 1,375 (870 WN, 505 BWN) Kes import: 9 BWN  J kematian: 6 WN J kumulatif: 1,244 (0.37%)  J kes di ICU: 148 Pesakit Intubated: 62 ",t.co/TNxRgj27P5
2021-03-24,1374658579077066756,"COVID-19: 24 Mac 2021  J kes sembuh: 1,083 J kumulatif: 320,925 (95.3%)  J kes baru: 1,268  J kumulatif: 336,808  J kes aktif: 14,637  Kes local: 1,263 (946 WN, 317 BWN) Kes import: 5 (4 WN, 1 BWN)  J kematian: 2WN J kumulatif: 1,246 (0.37%)  J kes di ICU:161 Pesakit Intubated:73 ",t.co/pNMS358D4J
2021-03-25,1375019134698708997,"COVID-19: 25 Mac 2021  J kes sembuh: 1,491 J kumulatif: 322,416 (95.3%)  J kes baru; 1,360 J kumulatif: 338,168  J kes aktif: 14,504  Kes tempatan: 1,359 (1,086WN, 273BWN) Kes import: 1 BWN  J kematian: 2 WN J kumulatif: 1,248 (0.37%)  J kes di ICU: 157 Pesakit Intubated: 72 ",t.co/fDw3G94LrD
2021-03-26,1375382837650591745,"COVID-19: 26 Mac 2021  J kes sembuh: 1,509 J kumulatif: 323,925 (95.43%)  J kes baru: 1,275 J kumulatif: 339,443  J kes aktif: 14,269  Kes local: 1,243 (978WN, 265BWN) Kes import: 32 (21WN, 11BWN)  J kematian: 1WN J kumulatif: 1,249 (0.37%)  J kes di ICU: 161 Pesakit Intubated:70 ",t.co/gY6em6oDm9
2021-03-27,1375750456014561280,"COVID-19: 27 Mac 2021  J kes sembuh:1,257 J kumulatif:325,182 (95.5%)  J kes baru:1,199  J kumulatif:340,642  J kes aktif:14,209  Kes tempatan:1,194 (959WN, 235BWN) Kes import:5 (2WN, 3BWN)  J kematian:2 (1WN, 1BWN) J kumulatif:1,251(0.37%)  J kes di ICU:167 Pesakit Intubated: 72 ",t.co/pcgeKIn7b2
2021-03-28,1376100887844679681,"COVID-19: 28 Mac 2021  J kes sembuh:1,127 J kumulatif:326,309 (95.4%)  J kes baru: 1,302 J kumulatif: 341,944  J kes aktif: 14,380  Kes local: 1,293 (840 WN, 453 BWN) Kes import: 9 (7 WN, 2 BWN)  J kematian: 4 WN J kumulatif: 1,255 (0.37%)  J kes di ICU: 169 Pesakit Intubated: 76 ",t.co/Vv4TLgJOpB
2021-03-29,1376463462197456902,"COVID-19: 29 Mac 2021  J kes sembuh:1,097 J kumulatif:327,406 (95.5%)  J kes baru: 941  J kumulatif: 342,885  J kes aktif: 14,219  Kes local: 933 (653 WN, 280 BWN) Kes import: 8 (2WN, 6BWN)  J kematian:5 (4WN, 1BWN) J kumulatif: 1,260(0.37%)  J kes di ICU:166 Pesakit Intubated:73 ",t.co/LXfqOYZ0Ib
2021-03-30,1376824532174921732,"COVID-19: 30 Mac 2021  J kes sembuh: 1,148 J kumulatif: 328,554 (95.5%)  J kes baru: 1,133   J kumulatif: 344,018  J kes aktif: 14,199  Kes local: 1,125 (781WN, 344BWN) Kes import: 8 (2WN, 6BWN)  J kematian: 5 WN J kumulatif: 1,265 (0.37%)  J kes di ICU: 161 Pesakit Intubated: 76 ",t.co/tsr6OrmZLv
2021-03-31,1377194965848051715,"COVID-19: 31 Mac 2021  J kes sembuh: 1,070 J kumulatif: 329,624 (95.4%)  J kes baru: 1,482 J kumulatif: 345,500  J kes aktif: 14,604  Kes tempatan: 1,480 (896 WN, 584 BWN) Kes import: 2 BWN  J kematian: 7 (5WN, 2BWN) J kumulatif:1,272(0.37%)  J kes di ICU:164 Pesakit Intubated:81 ",t.co/BHJOoZ8v43
2021-04-01,1377547172833464322,"COVID-19: 1 April 2021  J kes sembuh: 1,377 J kumulatif: 331,001 (95.5%)  J kes baru: 1,178  J kumulatif:346,678  J kes aktif:14,399  Kes local: 1,158 (861WN, 297BWN) Kes import: 20 (9BWN, 11BWN)  J kematian:6 (5WN) J kumulatif:1,278 (0.37%)  J kes di ICU:163 Pesakit Intubated:81 ",t.co/HY2zI9OvRT
2021-04-02,1377929783246397448,"COVID-19: 2 April 2021  J kes sembuh:1,442 J kumulatif:332,443 (95.5%)  J kes baru: 1,294 J kumulatif: 347,972  J kes aktif: 14,246  Kes tempatan: 1,268 (897WN, 371BWN) Kes import: 26 (9BWN, 17BWN)  J kematian:5 WN J kumulatif: 1,283 (0.37%)  J kes di ICU:168 Pesakit Intubated:78 ",t.co/GYVEWadzlF
2021-04-03,1378289668567879683,"COVID-19: 3 April 2021  J kes sembuh: 1,449 J kumulatif: 333,892 (95.5%)  J kes baru: 1,638 J kumulatif: 349,610  J kes aktif: 14,432  Kes tempatan: 1,631 (950WN, 681BWN) Kes import:7 (3BWN, 4BWN)  J kematian:3 WN J kumulatif: 1,286 (0.37%)  J kes di ICU:167 Pesakit Intubated:81 ",t.co/OauRbkqM9W
2021-04-04,1378734563912912900,"COVID-19: 4 April 2021  J kes sembuh: 1,270 J kumulatif: 335,162 (95.5%)  J kes baru: 1,349   J kumulatif: 350,959  J kes aktif: 14,509   Kes local: 1,342 (988WN, 354BWN) Kes import:7 (5 BWN, 2 BWN)  J kematian: 2WN J kumulatif: 1,288 (0.37%) J kes di ICU:186 Pesakit Intubated:94 ",t.co/93x1Euk1Co
2021-04-05,1379013827824480262,"COVID-19: 5 April 2021  J kes sembuh: 1,294 J kumulatif: 336,456 (95.6%)  J kes baru: 1,070 J kumulatif: 352,029  J kes aktif: 14,278  Kes tempatan: 1,061 (904WN, 157BWN) Kes import: 9 (4WN, 5BWN)  J kematian:7 WN J kumulatif: 1,295 (0.37%)  J kes di ICU:180 Pesakit Intubated: 89 ",t.co/O9a8LtEntQ
2021-04-06,1379364679311532042,"COVID-19: 6 April 2021  J kes sembuh: 1,412 J kumulatif: 337,868 (95.6%)  J kes baru: 1,300 J kumulatif: 353,329  J kes aktif: 14,161  Kes tempatan: 1,276 (918WN, 358BWN) Kes import:24 (12WN, 12BWN)  J kematian:5WN J kumulatif: 1,300 (0.37%)  J kes di ICU:189 Pesakit Intubated:88 ",t.co/kiOOlxTC7d
2021-04-07,1379730335328444416,"COVID-19: 7 April 2021  J kes sembuh:1,199 J kumulatif:339,067 (95.7%)  J kes baru:1,139 J kumulatif:354,468  J kes aktif:14,097  Kes tempatan:1,126 (1,001WN, 125BWN) Kes import:13 (7WN, 6BWN)  J kematian baharu:4WN J kumulatif:1,304 (0.37%)  J kes di ICU:194 Pesakit Intubated:86 ",t.co/j7uh66a56g
2021-04-08,1380096764368224257,"COVID-19: 8 April 2021  J kes sembuh: 1,175 J kumulatif: 340,242 (95.6%)  J kes baru: 1,285 J kumulatif:355,753  J kes aktif: 14,203  Kes local: 1,268 (999WN, 269BWN) Kes import: 17 (8WN, 9BWN)  J kematian: 4 WN J kumulatif: 1,308(0.37%)  J kes di ICU: 186 Pesakit Intubated: 81 ",t.co/5DVsPAa3XO
2021-04-09,1380452438826647556,"COVID-19; 9 April 2021  J kes sembuh: 1,247 J kumulatif:341,489 (95.5%)  J kes baru:1,854 J kumulatif:357,607  J kes aktif:14,805  Kes tempatan: 1,834 (1,616WN, 218BWN) Kes import:20 (5WN, 15BWN)  J kematian: 5(3WN) J kumulatif:1,313 (0.37%)  J kes di ICU:169 Pesakit Intubated:79 ",t.co/hShiCOTmif
2021-04-10,1380816176511512581,"COVID-19: 10 April 2021  J kes sembuh: 1,248 J kumulatif: 342,737(95.4%)  J kes baru:1,510 J kumulatif: 359,117  J kes aktif: 15,059  Kes tempatan:1,505 (1,339WN, 166BWN) Kes import:5 (1WN, 4BWN)  J kematian: 8 WN J kumulatif: 1,321 (0.37%)  J kes di ICU:194 Pesakit Intubated:81 ",t.co/QRg3ESmP1n
2021-04-11,1381190456663412737,"COVID-19; 11 April 2021  J kes sembuh: 1,216 J kumulatif: 343,953 (95.3%)  J kes baru: 1,739  J kumulatif: 360,856  J kes aktif: 15,574  Kes tempatan: 1,731 (1,343WN, 388BWN) Kes import: 8 (3WN, 5BWN)  J kematian:8WN J kumulatif:1,329(0.37%)  J kes di ICU:183 Pesakit Intubated:81 ",t.co/aLjyhD1yOe
2021-04-12,1381542127046299649,"COVID-19: 12 April 2021  J kes sembuh:1,052 J kumulatif:345,005 (95.3%)  J kes baru: 1,317 J kumulatif:362,173  J kes aktif: 15,835  Kes tempatan: 1,317 (1,107 WN, 198 BWN) Kes import:12 (8 WN, 4 BWN)  J kematian:4WN J kumulatif:1,333(0.37%)  J kes di ICU:188 Pesakit Intubated:84 ",t.co/hwdqzCPdWu
2021-04-13,1381892290818371587,"COVID-19: 13 April 2021  J kes sembuh:1,290 J kumulatif:346,295 (95.2%)  J kes baru:1,767 J kumulatif:363,940  J kes aktif: 16,300  Kes tempatan:1,758 (1,508 WN, 250 BWN) Kes import:9 (2 WN, 7 BWN)  J kematian:12 WN J kumulatif:1,345 (0.37%)  J kes di ICU:199 Pesakit Intubated:82 ",t.co/evpAwlOOxy
2021-04-14,1382258188548919298,"COVID-19: 14 April 2021  J kes sembuh: 1,485 J kumulatif: 347,780 (95.1%)  J kes baru: 1,889  J kumulatif:365,829  J kes aktif:16,696  Kes local: 1,883 (1,689WN, 194BWN) Kes import:6 (3WN, 3BWN)  J kematian: 8 (7WN) J kumulatif:1,353 (0.37%)  J kes di ICU:204 Pesakit Intubated:79 ",t.co/goVSohskeu
2021-04-15,1382640934341419012,"COVID-19:15 April 2021  J kes sembuh:1,259 J kumulatif:349,039 (94.9%)  J kes baru:2,148 J kumulatif:367,977  J kes aktif: 17,575  Kes local:2,129 (1,791WN, 338BWN) Kes import:19 (6WN, 13BWN)  J kematian:10 (9WN) J kumulatif:1,363 (0.37%)  J kes di ICU:212 Pesakit Intubated: 82 ",t.co/AFuhshLoCF
2021-04-16,1382979697760366593,"COVID-19: 16 April 2021  J kes sembuh: 1,524 J kumulatif: 350,563 (94.6%)  J kes baru: 2,551 J kumulatif: 370,528  J kes aktif: 18,600  Kes local: 2,522 (2,233WN, 289BWN) Kes import: 29 (10WN, 19BWN)  J kematian:2WN J kumulatif:1,365 (0.37%)  J kes di ICU:227 Pesakit Intubated:91 ",t.co/hCFMG1M2YF
2021-04-17,1383357062722179073,"COVID-19: 17 April 2021  J kes sembuh: 1,832 J kumulatif: 352,395 (94.5%)  J kes baru: 2,331  J kumulatif: 372,859  J kes aktif: 19,094  Kes local:2,319 (2,098WN, 221BWN) Kes import:12 (7WN, 5BWN)  J kematian:5WN J kumulatif: 1,370 (0.37%)  J kes di ICU:225 Pesakit Intubated: 92 ",t.co/PgQqGCeCO3
2021-04-18,1383701115108171778,"COVID-19: 18 April 2021  J kes sembuh: 1,427 J kumulatif:353,822 (94.3%)  J kes baru: 2,195  J kumulatif: 375,054  J kes aktif: 19,854  Kes tempatan:2,185 (1,837WN, 348BWN) Kes import: 10 (2WN, 8BWN)  J kematian:8WN J kumulatif:1,378 (0.37%)  J kes di ICU:219 Pesakit Intubated:90 ",t.co/yoDkCsbNmY
2021-04-19,1384080797951434756,"COVID-19: 19 April 2021  J kes sembuh: 1,402 J kumulatif: 355,224 (94.2%)  J kes baru:2,078  J kumulatif:377,132  J kes aktif:20,522  Kes local:2,065 (1,885WN, 180BWN) Kes import:13 (3WN, 10BWN)  J kematian baru:8WN J kumulatif:1,386(0.37%)  J kes di ICU:228 Pesakit Intubated:93 ",t.co/pkzypZ1nsD
2021-04-20,1384441792150396931,"COVID-19: 20 April 2021  J kes sembuh: 1,592 J kumulatif: 356,816 (94.0%)  J kes baru: 2,341  J kumulatif: 379,473  J kes aktif: 21,268  Kes local: 2,334 (2,209WN, 125BWN) Kes import:7 ( WN, 5BWN)  J kematian:3 (2WN) J kumulatif:1,389(0.37%)  J kes di ICU:249 Pesakit Intubated:95 ",t.co/tWr9wBHl91
2021-04-21,1384792973003476993,"COVID-19; 21 April 2021  J kes sembuh:1,910 J kumulatif:358,726 (93.95%)  J kes baru:2,340 J kumulatif:381,813  J kes aktif:21,687  Kes local:2,328 (2,136WN, 192BWN) Kes import:12 (1 WN, 11 BWN)  J kematian:11 (9WN) J kumulatif:1,400(0.37%)  J kes di ICU:248 Pesakit Intubated:101 ",t.co/7tFzbKIqCv
2021-04-22,1385161207221346305,"COVID-19: 22 April 2021  J kes sembuh:2,541 J kumulatif:361,267 (93.9%)  J kes baru:2,875 J kumulatif:384,688  J kes aktif:22,014  Kes local: 2,846 (2,644WN, 202BWN) Kes import: 29 (1WN, 28BWN)  J kematian: 7 (6WN) J kumulatif:1,407(0.37%)  J kes di ICU:248 Pesakit Intubated:115 ",t.co/zjfKP30xNf
2021-04-23,1385522364822134786,"COVID-19: 23 April 2021  J kes sembuh: 2,341 J kumulatif: 363,608 (93.8%)  J kes baru: 2,847 J kumulatif: 387,535  J kes aktif: 22,512  Kes local: 2,843 (2,601WN, 242BWN) Kes import: 4 BWN  J kematian:8 (7WN, 1BWN) J kumulatif:1,415 (0.37%)  J kes di ICU:260 Pesakit Intubated:125 ",t.co/iRoQxaELp0
2021-04-24,1385891462718517248,"COVID-19; 24 April 2021  J kes sembuh: 2,292 J kumulatif: 365,900 (93.8%)  J kes baru:2,717 J kumulatif:390,252  J kes aktif:22,926  Kes tempatan:2,691 (2,493WN, 198BWN) Kes import:26(24 BWN)  J kematian:11 (10WN) J kumulatif: 1,426(0.37%)  J kes di ICU:272 Pesakit Intubated:124 ",t.co/ojw0RDGCrz
2021-04-25,1386241880405397508,"COVID-19: 25 April 2021  J kes sembuh: 1,853 J kumulatif: 367,753 (93.6%)  J kes baru:2,690  J kumulatif:392,942  J kes aktif: 23,753  Kes tempatan: 2,680 (2,397WN, 283BWN) Kes import: 10 (8 BWN)  J kematian:10 WN J kumulatif:1,436 (0.37%)  J kes di ICU:283 Pesakit Intubated:121 ",t.co/UbXd5BsCoh
2021-04-26,1386611119851130883,"COVID-19: 26 April 2021  J kes sembuh:1,803 J kumulatif:369,556 (93.4%)  J kes baru:2,776 J kumulatif:395,718  J kes aktif:24,713  Kes local: 2,773 (2,383WN, 390BWN) Kes import:3 (2WN, 1BWN)  J kematian:13 (12WN) J kumulatif:1,449 (0.37%)  J kes di ICU:300 Pesakit Intubated: 133 ",t.co/d6zZbUn4M4
2021-04-27,1386976844377858051,"COVID-19: 27 April 2021  J kes sembuh:2,019 J kumulatif:371,575 (93.5%)  J kes baru:2,733 J kumulatif:398,451  J kes aktif:25,414  Kes local:2,728 (2,481WN, 247BWN) Kes import: 5 (3 WN)  J kematian:13 (12 WN) J kumulatif: 1,462(0.37%)  J kes di ICU: 294 Pesakit Intubated:138 ",t.co/AJcFGv1z6Z
2021-04-28,1387355514091098112,"COVID-19: 28 April 2021  J kes sembuh: 1,822 J kumulatif: 373,397 (93.0%)  J kes baru: 3,142 J kumulatif: 401,593  J kes aktif: 26,719  Kes local: 3,129 (2,950WN, 179BWN) Kes import: 13(4WN, 9BWN)  J kematian:15WN J kumulatif: 1,477(0.37%)  J kes di ICU:306 Pesakit Intubated:151 ",t.co/kHsqryMxgR
2021-04-29,1387709193667284996,"COVID-19: 29 April 2021  J kes sembuh: 1,943 J kumulatif: 375,340 (92.7%)  J kes baru:3,332 J kumulatif:404,925  J kes aktif:28,093  Kes local: 3,323 (3,099WN, 224BWN) Kes import: 9 (1WN, 8BWN)  J kematian:15 WN J kumulatif: 1,492 (0.37%)  J kes di ICU: 309 Pesakit Intubated: 147 ",t.co/cJc11FV3nX
2021-04-30,1388073261288755204,"COVID-19: 30 April 2021  J kes sembuh: 2,640 J kumulatif: 377,980 (92.5%)  J kes baru: 3,788 J kumulatif: 408,713  J kes aktif: 29,227  Kes local: 3,786 (3,476WN, 310BWN) Kes import: 2 BWN  J kematian: 14 (13 WN) J kumulatif: 1,506(0.37%)  J kes di ICU: 328 Pesakit Intubated: 161 ",t.co/SzJuXt17CK
2021-05-01,1388425297012224002,"COVID-19: 1 Mei 2021  J kes sembuh:2,462 J kumulatif: 380,442 (92.4%)  J kes baru: 2,881 J kumulatif: 411,594  J kes aktif: 29,631  Kes local: 2,865 (2,609WN, 256BWN) Kes import: 16 (5 WN, 11 BWN)  J kematian:15 WN J kumulatif: 1,521(0.37%)  J kes di ICU:337 Pesakit Intubated:176 ",t.co/pVp6ww2DF3
2021-05-02,1388785425578221570,"COVID-19: 2 Mei 2021  J kes sembuh: 2,698 J kumulatif: 383,140 (92.3%)  J kes baru: 3,418 J kumulatif: 415,012  J kes aktif: 30,339  Kes local: 3,408 (3,134WN, 274BWN) Kes import: 10 (1WN, 9BWN)  J kematian:12 WN J kumulatif: 1,533 (0.37%)  J kes di ICU:345 Pesakit Intubated:175 ",t.co/MzP7uHPOGi
2021-05-04,1389508133022625794,"COVID-19: 4 Mei 2021  J kes sembuh: 2,334 J kumulatif: 387,542 (92.1%)  J kes baru: 3,120 J kumulatif: 420,632  J kes aktif: 31,516  Kes local: 3,114 (2,918WN, 196BWN) Kes import: 6 (1WN, 5BWN)  J kematian: 23 WN J kumulatif: 1,574 (0.37%)  J kes di ICU: 338 Pesakit Intubated:181 ",t.co/Rnj7QfCEA1
2021-05-05,1389879195870785544,"COVID-19: 5 Mei 2021  J kes sembuh: 2,304 J kumulatif: 389,846 (91.9%)  J kes baru: 3,744 J kumulatif: 424,376  J kes aktif: 32,939  Kes local: 3,737 (3,514 WN, 223 BWN) Kes import: 7 (1WN, 6BWN)  J kematian: 17WN J kumulatif: 1,591(0.37%)  J kes di ICU: 328 Pesakit Intubated:185 ",t.co/5wlHSJydwd
2021-05-06,1390255318655897601,"COVID-19: 6 Mei 2021  J kes sembuh: 2,709 J kumulatif: 392,555 (91.7%)  J kes baru: 3,551 J kumulatif:427,927  J kes aktif:33,762  Kes local:3,535 (3,242WN, 293BWN) Kes import:16 (10WN, 6BWN)  J kematian:19 (18WN) J kumulatif: 1,610 (0.37%)  J kes di ICU:354 Pesakit Intubated:199 ",t.co/1q3RdBqPrl
2021-05-07,1390617355227566081,"COVID-19: 7 Mei 2021  J kes sembuh:3,449 J kumulatif:396,004 (91.6%)  J kes baru:4,498  J kumulatif:432,425  J kes aktif: 34,789  Kes local: 4,493 (4,179WN, 314BWN) Kes import:5 kes (1WN, 4BWN)  J kematian:22(20WN) J kumulatif:1,632 (0.38%)  J kes di ICU:372 Pesakit Intubated:211 ",t.co/YbLdPvfgVz
2021-05-08,1390979164618903552,"COVID-19: 8 Mei 2021  J kes sembuh: 2,719 J kumulatif: 398,723 (91.25%)  J kes baru: 4,519  J kumulatif: 436,944  J kes aktif: 36,564  Kes local: 4,514 (3,964WN, 550BWN) Kes import: 5  J kematian: 25 (24WN, 1BWN) J kumulatif: 1,657(0.38%)  J kes di ICU: 393 Pesakit Intubated: 210 ",t.co/T8asr1iYeM
2021-05-09,1391322252134682624,"COVID-19: 9 Mei 2021  J kes sembuh:3,211 J kumulatif:401,934 (91.2%)  J kes baru:3,733  J kumulatif:440,677  J kes aktif:37,060  Kes local:3,727 (3,301WN, 426BWN) Kes import: 6 (5BWN)  J kematian: 26 (25WN, 1BWN) J kumulatif: 1,683 (0.38%)  J kes di ICU:416 Pesakit Intubated: 216 ",t.co/nAwHTdWJ9f
2021-05-10,1391693894484512771,"COVID-19: 10 Mei 2021  J kes sembuh:3,454 J kumulatif:405,388 (91.2%)  J kes baru: 3,807 J kumulatif:444,484  J kes aktif:37,396  Kes local: 3,802 (3,642WN, 160BWN) Kes import: 5 (2WN, 3BWN)  J kematian:17 (16WN) J kumulatif:1,700 (0.38%)  J kes di ICU: 434 Pesakit Intubated: 224 ",t.co/uwAwNrjUSH
2021-05-11,1392064562510188548,"COVID-19: 11 Mei 2021  J kes sembuh: 2,848 J kumulatif: 408,236 (91.03%)  J kes baru: 3,973  J kumulatif: 448,457  J kes aktif:38,499  Kes local: 3,968 (3,540WN, 428BWN) Kes import: 5 (1WN, 4BWN)  J kematian: 22WN J kumulatif:1,722 (0.38%)  J kes di ICU:453 Pesakit Intubated: 244 ",t.co/98vuPcpPoM
2021-05-12,1392416034284474369,"COVID-19; 12 Mei 2021  J kes sembuh: 3,124 J kumulatif: 411,360 (90.8%)  J kes baru: 4,765  J kumulatif: 453,222  J kes aktif: 40,101  Kes local: 4,758 (4,291WN, 467BWN) Kes import: 7 (5WN, 2BWN)  J kematian: 39 J kumulatif: 1,761 (0.39%)  J kes di ICU: 469 Pesakit Intubated: 244 ",t.co/f85ilLElUf
2021-05-13,1392787613619134465,"COVID-19: 13 Mei 2021  J kes sembuh: 3,347 J kumulatif: 414,707 (90.5%)  J kes baru:4,855  J kumulatif: 458,077  J kes aktif: 41,582  Kes local: 4,852 (4,494WN, 358BWN) Kes import:3 BWN  J kematian: 27 WN J kumulatif:1,788 (0.39%)  J kes di ICU: 481 Pesakit Intubated: 247 ",t.co/kVnTvHX5E6
2021-05-14,1393142221210148864,"COVID-19: 14 Mei 2021  J kes sembuh: 4,190 J kumulatif: 418,897 (90.6%)  J kes baru: 4,113  J kumulatif: 462,190  J kes aktif: 41,471  Kes local: 4,112 (3,791WN, 321BWN) Kes import: 1 BWN  J kematian: 34 WN J kumulatif:1,822 (0.39%)  K kes di ICU: 482 Pesakit Intubated: 250 ",t.co/EqIvU4fjHJ
2021-05-15,1393520947638915074,"COVID-19: 15 Mei 2021  J kes sembuh: 3,432 J kumulatif: 422,329 (90.6%)  J kes baru: 4,140  J kumulatif: 466,330  J kes aktif: 42,135  Kes local: 4,131 (3,728WN, 403BWN) Kes import: 9 WN  J kematian:44 (43WN, 1BWN) J kumulatif:1,866(0.40%)  J kes di ICU:503 Pesakit Intubated:272 ",t.co/SXMm65Iwdx
2021-05-16,1393868519394058243,"COVID-19: 16 Mei 2021  J kes sembuh: 3,990 J kumulatif: 426,319 (90.7%)  J kes baru: 3,780  J kumulatif: 470,110  J kes aktif: 41,889  Kes local: 3,778 (3,441WN, 337BWN) Kes import: 2WN  J kematian:36 (35WN, 1BWN) J kumulatif:1,902 (0.40%)  J kes di ICU:520 Pesakit Intubated:272 ",t.co/SYAZ5juTO3
2021-05-17,1394249432716111876,"COVID-19: 17 Mei 2021  J kes sembuh: 2,784 J kumulatif: 429,103 (90.4%)  J kes baru: 4,446  J kumulatif: 474,556  J kes aktif: 43,506  Kes local: 4,443 (4,230WN, 213BWN) Kes import: 3 WN  J kematian: 45 (44 WN) J kumulatif:1,947 (0.41%)  J kes di ICU: 522 Pesakit Intubated: 273 ",t.co/WZb2jZxJKa
2021-05-18,1394598840448086018,"COVID-19: 18 Mei 2021  J kes sembuh: 3,497 J kumulatif: 432,600 (90.2%)  J kes baru:4,865  J kumulatif: 479,421  J kes aktif: 44,827  Kes local: 4,860 (4,650WN, 210BWN) Kes import: 5 (3WN, 2WN)  J kematian:47 (46WN) J kumulatif:1,994(0.42%)  J kes di ICU:531 Pesakit Intubated:277 ",t.co/81cOS3A5fT
2021-05-19,1394951083114434561,"COVID-19: 19 Mei 2021  J kes sembuh: 3,516 J kumulatif: 436,116 (89.8%)  J kes baru: 6,075  J kumulatif:485,496  J kes aktif:47,340  Kes local: 6,072 (5,452WN, 620BWN) Kes import:3 (1WN, 2BWN)  J kematian:46(45WN) J kumulatif: 2,040(0.42%)  J kes di ICU:559 Pesakit Intubated:303",
2021-05-20,1395326594042896392,"COVID-19: 20 Mei 2021  J kes sembuh: 3,916 J kumulatif: 440,032 (89.4%)  J kes baru: 6,806  J kumulatif: 492,302  J kes aktif: 50,171  Kes local: 6,804 (6,122WN, 682BWN) Kes import:2WN  J kematian: 59 (58WN) J kumulatif:2,099 (0.43%)  Jumlah kes di ICU:587 Pesakit Intubated:330 ",t.co/4zEFX1M1kq
2021-05-21,1395682030369734657,"COVID-19: 21 Mei 2021  J kes sembuh: 4,508 J kumulatif: 444,540 (89.1%)  J kes baru: 6,493  J kumulatif: 498,795  J kes aktif: 52,106  Kes local: 6,491 (6,038WN, 453BWN) Kes import: 2 kes  J kematian:50 (49WN) J kumulatif:2,149 (0.43%)  J kes di ICU:643 Pesakit Intubated: 363 ",t.co/MfKfWXS0bc
2021-05-22,1396051310508593153,"COVID-19; 22 Mei 2021  J kes sembuh: 4,694 J kumulatif: 449,234 (88.9%)  J kes baru:6,320  J kumulatif: 505,115  J kes aktif: 53,682  Kes local: 6,317 (5,870WN, 447BWN) Kes import:3 BWN  J kematian: 50 (48WN, 2BWN) J kumulatif:2,199 (0.44%)  J kes di ICU:652 Pesakit Intubated:370 ",t.co/Nu4iJUPxF1
